1.6063314527273178,-0.15059299902482468,3.9160461913455618,1.2882880852981047,2.3640678975392473,1.0603679350831292,1.2071389957246454,-1.38226656480269,-5.042044292796742,5.347298622131348,3.942557929591699,-2.0885767313567074,0.9568039874800227,1.8794047182256526,-1.6899602259085937,-3.179659040136771
-1.2859710693359374,-0.4470153093338013,3.9330474615097044,0.15152343809604646,4.437973988056183,2.687516787648201,2.135590814985335,-4.9675473928451535,-7.0891927719116214,6.175567531585694,4.136774277687072,-2.195600652694702,0.11864879801869392,0.9653256654739379,0.5379403760656715,-3.7627346098423002
-1.9101080160874586,-0.20288210190259492,3.9999964787409854,0.18825052793209368,4.661610043965853,2.857411185136208,2.6473764268538127,-4.708257459677183,-7.1593349530146675,5.911002458861241,3.842351409105154,-2.357646135183481,0.18751758652237746,0.813878806737753,0.3142829163429829,-3.884470650782952
-1.2859710693359374,-0.4470153093338013,3.9330474615097044,0.15152343809604646,4.437973988056183,2.687516787648201,2.135590814985335,-4.9675473928451535,-7.0891927719116214,6.175567531585694,4.136774277687072,-2.195600652694702,0.11864879801869392,0.9653256654739379,0.5379403760656715,-3.7627346098423002
-1.9101080160874586,-0.20288210190259492,3.9999964787409854,0.18825052793209368,4.661610043965853,2.857411185136208,2.6473764268538127,-4.708257459677183,-7.1593349530146675,5.911002458861241,3.842351409105154,-2.357646135183481,0.18751758652237746,0.813878806737753,0.3142829163429829,-3.884470650782952
0.9521085578210963,0.5064511174956957,3.6989828099807105,1.2175768204033375,1.9323918044877548,1.0698323510587215,1.5897544270070891,-1.569975946098566,-5.363213776300351,4.2664032361159725,3.603249295304219,-1.2125054709613323,0.7471801762779554,1.1438811843593915,-1.505370768563201,-3.075519107359772
1.6063314527273178,-0.15059299902482468,3.9160461913455618,1.2882880852981047,2.3640678975392473,1.0603679350831292,1.2071389957246454,-1.38226656480269,-5.042044292796742,5.347298622131348,3.942557929591699,-2.0885767313567074,0.9568039874800227,1.8794047182256526,-1.6899602259085937,-3.179659040136771
1.6063314527273178,-0.15059299902482468,3.9160461913455618,1.2882880852981047,2.3640678975392473,1.0603679350831292,1.2071389957246454,-1.38226656480269,-5.042044292796742,5.347298622131348,3.942557929591699,-2.0885767313567074,0.9568039874800227,1.8794047182256526,-1.6899602259085937,-3.179659040136771
3.1721521533197827,0.03604396515422397,3.324048731062147,1.853938142458598,0.03155952236718602,-0.023572723070780437,0.1872290764003992,-0.27119436860084534,-3.684403763877021,3.9230909082624645,3.8188990453879037,0.521558403968811,0.5086244510279762,0.8655306763119168,-1.424954640575581,-2.319181270069546
1.9358158045344882,-2.681668837865194,1.4681284030278523,-0.2088887459701962,-0.14516519175635445,0.293508294555876,-0.9119948121822543,-5.919801155726115,-7.961400720808241,4.011248641543919,4.863131295061773,1.655318260192871,-2.2262208461761475,-0.36168179247114396,0.5613824383666118,-4.445301718182034
1.592897929251194,-1.6033198777586222,1.400455042719841,-0.13114500045776367,-0.6584407389163971,1.6333632953464985,-0.2091266072820872,-5.025235909968615,-7.625958025455475,3.6146328449249268,5.05216509103775,2.1325399577617645,-2.1614461541175842,-1.0473574548959732,0.3020382660906762,-4.138158366084099
1.592897929251194,-1.6033198777586222,1.400455042719841,-0.13114500045776367,-0.6584407389163971,1.6333632953464985,-0.2091266072820872,-5.025235909968615,-7.625958025455475,3.6146328449249268,5.05216509103775,2.1325399577617645,-2.1614461541175842,-1.0473574548959732,0.3020382660906762,-4.138158366084099
0.9684845379420689,-1.7037669441529684,1.8223995140620641,0.44279820578438894,-1.5147330250058855,1.7365733597959792,0.345374430130635,-4.402268767356873,-7.145536661148071,3.299608196531023,4.672534806387765,1.909357637166977,-2.140594959259033,-0.5217980827604022,-0.01665971241891384,-4.2431013243538995
4.441146271569388,-1.3150086998939514,3.3103194577353343,1.1696192707334245,-1.0933762107576643,1.407315922634942,-1.2222299998892205,-4.064076457704816,-6.30622615133013,2.712978196995599,1.9778763566698347,3.1742009775979176,0.10129523490156446,-1.470961264201573,1.0654013909931694,-3.0380023973328725
2.148571957377534,-0.9327842677925148,3.0446314610102596,1.0187519651782864,0.990155905631243,-0.14826727154500344,0.47223070808275436,-3.5934624950054523,-5.369997390929391,3.930838901951325,4.589116365301843,0.8100290866751297,-0.04460727847089954,-0.35029981789343495,-0.819725494795278,-3.3610258587435182
2.0590575635433197,-2.1052973568439484,2.204093247652054,0.46250726468861103,0.47257938981056213,-1.7047574445605278,1.716244159732014,-5.546165287494659,-6.873850047588348,3.9109485745429993,5.716247498989105,2.427121341228485,-1.8504341542720795,-1.9733704328536987,0.483991218265146,-4.5075119733810425
1.142224159091711,-2.2720244564116,2.7285787723958492,0.684785412857309,1.4361777324229479,0.5250760624185205,0.211175850010477,-7.083514086902142,-6.945206698030233,3.425474099814892,4.921460181474686,0.29710323363542557,-0.3274843783583492,-1.0487474822439253,0.5979363595834002,-3.833318231161684
2.7744193077087402,-2.178338808672769,2.138703859278134,0.6999943469251905,-0.29194656227316174,-0.20837136251585825,0.14849943268511975,-5.768385819026402,-6.272168227604458,2.5095953324011395,5.530051078115191,2.9229015819728374,-2.1069761174065724,-2.977602005004883,-0.10073311972830977,-2.4290158918925693
2.8166462779045105,-2.5458655059337616,2.0056422352790833,0.9148192405700684,0.9755822122097015,-0.4444490596652031,0.1923979208804667,-6.209893822669983,-6.8287652134895325,3.730799362063408,5.789539277553558,2.0017466098070145,-2.4613867104053497,-2.0535781383514404,0.3780194870196283,-4.23123025894165
4.660262930393219,-0.5364402770996094,2.454315608739853,-0.9997733473777771,2.5546924591064455,1.608268466591835,-1.943248755298555,-2.902992068231106,-6.304094278812409,6.0458929419517515,6.028680461645126,0.7268389344215394,-0.6270480394363404,-2.858606232702732,-0.39338443968445064,-2.2618096951395272
3.6566233396530152,-1.167512020468712,1.5256744211539626,0.033971795439720155,0.579557229578495,-0.32085064351558684,-1.0498811876401306,-5.446954733133316,-6.899391293525696,3.2926973059773443,5.921459186077118,2.7207906901836396,-1.6774930119514466,-2.3078079223632812,0.3124677648767829,-3.0585451781749726
2.8635132900306157,-0.7063068168503898,3.008764061331749,1.3783789438860756,0.1154275261930057,-0.4459793320723942,-0.06179460545868746,-3.215097268138613,-4.962715466533388,3.9499393386500223,4.630199013437544,0.8992510437965393,0.07477156008992876,-0.17885295322963168,-1.176047246424215,-3.1598163621766227
2.7237748305002847,-1.3011366168657938,1.9836380588511626,0.6392610569794973,0.9699696669975917,0.07149852712949117,-0.3016803787400325,-4.945189110438029,-5.932629760106405,2.963125960032145,4.949267472823461,2.5921513557434084,-1.2237327973047891,-1.883732517560323,0.07121083947519462,-3.00511767466863
4.133801628042151,-0.7387902913270173,1.0418863555899374,-0.5840219800119046,0.10698614131521296,1.8997370843534116,-0.0897075984351061,-6.049819177499524,-6.531802062635069,4.307866080767578,6.544424109988743,3.115679414184005,-0.7386303196350733,-4.258488796375416,-0.5856026266873987,-2.4922866512227944
2.35834793249766,-1.0695311427116394,2.4530391560660467,-0.4655904836124844,1.0467266241709392,-0.13682466414239672,0.03180071173442735,-4.913756295521226,-6.452535682254368,4.154213004642063,5.536139607429504,2.444288180934058,-0.10022246175342137,-2.053300208515591,-0.18355366132325596,-2.9196365078290305
2.0070729106664658,-0.4866606891155243,1.981162428855896,0.38180116564035416,1.232601910829544,1.0035967901349068,0.9681578264571726,-4.63854917883873,-7.314847111701965,3.2946689277887344,4.675757348537445,2.526112139225006,-1.4349869191646576,-1.7007229328155518,0.011087072547525167,-4.07170444726944
1.3146859407424927,-3.041323035955429,3.6284168362617493,0.7682467103004456,-0.2450006902217865,-0.46466218680143356,1.4380196915008128,-6.380008101463318,-6.942733645439148,3.532523524016142,5.591601371765137,1.8894438492134213,-2.1330476105213165,-2.2867599725723267,-0.010886477772146463,-2.9403833150863647
0.5192771553993225,0.4527767726353237,2.5536773204803467,3.6267684953553334,-1.2980457033429826,-0.7472509890794754,0.6345168514443296,-4.215947589703968,-2.662731413330351,1.8122633312429701,1.5334005526133947,0.6729659579494702,-2.170471259525844,-0.18998799792357854,0.7946279972259488,-1.714691230228969
2.8166462779045105,-2.5458655059337616,2.0056422352790833,0.9148192405700684,0.9755822122097015,-0.4444490596652031,0.1923979208804667,-6.209893822669983,-6.8287652134895325,3.730799362063408,5.789539277553558,2.0017466098070145,-2.4613867104053497,-2.0535781383514404,0.3780194870196283,-4.23123025894165
3.9911418843727846,-0.28694781431785,2.863327857393485,1.036276562855794,-0.3141540950880601,-0.12238624462714562,-0.5009020522523385,-2.333846790286211,-4.598862629670363,4.406068552571994,4.305568429139944,1.0012316130674803,1.195062327843446,-0.6688858454044049,-2.2016771809699445,-2.817400817687695
3.473172217607498,-2.3759821727871895,0.5343095231801271,-1.5240889079868793,-0.5045614894479513,-1.1770989056676626,-0.41204177332110703,-5.938869774341583,-6.708373039960861,4.598266683518887,7.027707278728485,2.9621224403381348,-1.0215287432074547,-2.273979499936104,-0.26122073200531304,-2.626332104206085
3.6059811413288116,-2.22024817019701,0.07044197805225849,-1.8020491488277912,-0.9735589679330587,-1.4387603756040335,-0.9408080105204135,-5.652627728879452,-6.668722748756409,4.359174720942974,6.412020266056061,3.229423761367798,-0.6610791310667992,-2.6301114559173584,-0.9477651680354029,-2.6437968313694
2.9031811356544495,-0.5414316654205322,1.565027892589569,-0.49736036360263824,1.6330489814281464,-0.06353211868554354,1.1783201633952558,-3.8138641119003296,-5.948560118675232,4.434967339038849,5.067326128482819,2.7987083196640015,0.26517558097839355,-1.5455413460731506,-0.47123855585232377,-3.2790205478668213
4.040909598653133,0.08357012271881104,2.6903331107818165,1.0665446405227368,-0.5651329959241244,0.30658157284443194,-0.06155589724389406,-2.4326899831111612,-4.823979937113249,4.482014837746437,4.65868053986476,1.0428262054920197,0.6772983303436866,-1.2296630235818715,-2.485761358904151,-2.7324802096073446
0.9675010074587429,-2.5569699016564034,3.5293623248443886,1.0684273814892067,-0.12714581498328378,0.3640855287804323,0.2226869112209362,-5.887812821304097,-6.1885954124086044,2.217720450285603,4.278959068798406,0.6209083690362818,-0.3686202081906445,-1.0844759774558685,0.46669954423080473,-3.05347959346631
3.6135447242043237,-0.8115793405608698,-0.2949875132604079,0.2943142117424445,1.5662331933324987,0.10381276634606448,-0.9127166796136986,-4.155469623478976,-3.220437374981967,4.0429353009570725,4.274548817764629,1.8059682307383893,-2.3812787424434316,-1.9510882957415148,-0.5042129329998385,-0.17591878500851718
3.1824478606383004,0.32943277226554024,2.754091034332911,0.5979071925911639,0.272936475980613,-0.8648070562630892,-1.2672936376184225,-2.9415131327178745,-5.971162233087751,3.9433546695444317,4.762663529978858,0.8002298689550824,0.20044458823071587,0.03064360800716612,-1.16838158108294,-2.9584779565533004
3.4646933219934763,0.6051312512473056,3.5813984776798047,2.0487671150384763,-0.5063370528974032,-1.1050965456586135,-0.11097855204226155,-0.6475286577877245,-3.5103501583400525,4.326189379943044,3.160081421074114,-0.3105812137456317,1.3675898580174697,1.500321024342587,-2.7297491548386845,-2.506934332220178
2.0590575635433197,-2.1052973568439484,2.204093247652054,0.46250726468861103,0.47257938981056213,-1.7047574445605278,1.716244159732014,-5.546165287494659,-6.873850047588348,3.9109485745429993,5.716247498989105,2.427121341228485,-1.8504341542720795,-1.9733704328536987,0.483991218265146,-4.5075119733810425
2.381780207157135,-2.511954754590988,2.992710828781128,0.7527340948581696,0.7992923557758331,-1.0808303281664848,1.5059584961272776,-5.74182003736496,-7.0696117877960205,3.469636093825102,5.85377436876297,1.6721921563148499,-1.2529880702495575,-2.0090317130088806,0.20234904205426574,-4.544864654541016
2.8315115571022034,-0.6948622167110443,2.1988983005285263,0.7017649114131927,0.3511960804462433,-0.8778799697756767,0.03097069589421153,-4.653574168682098,-6.490233778953552,2.6883711218833923,5.274571657180786,2.894280791282654,-1.8278810679912567,-2.315015435218811,-0.07983379298821092,-3.0434416085481644
3.4336021542549133,-0.7743045389652252,1.9809552133083344,1.1631652414798737,0.5603215396404266,-0.501544825732708,0.3612553761340678,-4.694058954715729,-6.345342934131622,2.742668092250824,4.880641391500831,2.7595551013946533,-1.8995003998279572,-2.262611985206604,-0.4679360263980925,-3.2549551613628864
2.0070729106664658,-0.4866606891155243,1.981162428855896,0.38180116564035416,1.232601910829544,1.0035967901349068,0.9681578264571726,-4.63854917883873,-7.314847111701965,3.2946689277887344,4.675757348537445,2.526112139225006,-1.4349869191646576,-1.7007229328155518,0.011087072547525167,-4.07170444726944
3.413014829158783,-0.033549875020980835,2.3227247521281242,0.7378004789352417,1.2999845007434487,0.49956879764795303,0.5902736173011363,-5.138735331594944,-7.436580300331116,2.7164611220359802,5.480943500995636,2.669894576072693,-0.2790689766407013,-0.5708038806915283,1.262995911296457,-3.7145048677921295
3.2169169783592224,-0.5681606829166412,2.0885215401649475,0.2355157434940338,1.7058947384357452,0.3379109501838684,0.40335804084315896,-4.866001740098,-7.474690675735474,2.8103272318840027,6.049030423164368,3.0469247102737427,-0.43601328134536743,-1.3339547887444496,0.8652126914821565,-3.806889235973358
2.0590575635433197,-2.1052973568439484,2.204093247652054,0.46250726468861103,0.47257938981056213,-1.7047574445605278,1.716244159732014,-5.546165287494659,-6.873850047588348,3.9109485745429993,5.716247498989105,2.427121341228485,-1.8504341542720795,-1.9733704328536987,0.483991218265146,-4.5075119733810425
2.381780207157135,-2.511954754590988,2.992710828781128,0.7527340948581696,0.7992923557758331,-1.0808303281664848,1.5059584961272776,-5.74182003736496,-7.0696117877960205,3.469636093825102,5.85377436876297,1.6721921563148499,-1.2529880702495575,-2.0090317130088806,0.20234904205426574,-4.544864654541016
3.577433228492737,-0.7120418310165405,1.3399963036179543,-0.10551003515720367,0.5607499614357948,-0.4481469005346298,-1.2575362598523498,-5.237092423439026,-6.937663555145264,2.9843966007232665,5.8533051133155825,3.0873027086257934,-1.5955531001091003,-2.482084345817566,0.13877262976020574,-2.8792441725730895
3.641176802771432,-0.8375040548188346,1.3218361245734351,0.6620047475610461,0.04873730667999813,-0.4444958099297115,-0.6555285648043666,-4.781852143151419,-6.013596875326974,2.0272225311824252,5.348891241209848,3.497094120298113,-1.932595235960824,-2.993747983660017,-0.1401315855660609,-2.487906345299312
3.985228572572981,-0.8828996675355094,1.1972972175904684,0.9256620790277209,0.16823756907667434,-0.2294471561908722,-0.4667944618101631,-4.804986306599209,-5.9308021068573,2.058249371392386,5.123788232249873,3.4201080117906844,-1.9735205684389387,-2.963803155081613,-0.3619042903717075,-2.6087712326220105
5.497616732120514,0.21083659827709197,3.57698540687561,-0.18269058912992478,2.0957508752122522,2.3006677143275738,-1.5881524642929434,-0.26407861709594727,-5.177586060762406,6.705966794490815,5.743908077478409,-0.43303468376398085,0.14434651732444764,-1.7485275238752365,-1.2611592652276158,-1.5120657205581665
4.716999819449016,0.1813920544726508,4.656594330923898,2.3912832966872624,0.19273589604667254,0.44940907870020186,0.2677700235907521,1.324531284400395,-4.163797914130347,5.170404080833707,4.839945543663842,-0.8414492951972145,0.6664815774453537,1.9618723992790494,-2.469102732571108,-2.171986645460129
4.739566306894024,0.2027120277285576,4.441609936083356,2.0184976031382877,0.4817784839620193,0.6580378398299217,0.03821306844862799,1.2062649441262085,-4.090575505296389,5.376160632446409,4.848470775038004,-0.8876459767421087,0.6938216449537625,1.3900798890739678,-2.4310278113000097,-2.075944347679615
5.057295670111974,0.2446680540839831,4.606939474741618,1.7676359700659912,0.4820237828729053,1.0506192638228338,-0.21619021069879332,1.054778938492139,-4.365452046195666,5.826032489538193,5.187579408288002,-0.7645012674232324,0.5857228562235832,1.0630577926834424,-2.131561725245168,-1.8857199996709824
3.8887285047616715,-0.26841517652456576,3.8787310138726845,0.9263982731753435,0.27723289930667633,1.016509079780334,-0.4427688693006833,-0.8421969352624356,-5.330873185243362,4.446254004652683,4.689101263116568,-0.41006513871252537,1.1632470614635027,1.6043915313023787,-2.1988036462511773,-1.652823996849549
3.9347308456897734,0.02434296988778644,4.092507656415304,0.8997238186498483,0.26607259917590353,1.2345385869344077,-0.28338582661623757,-0.4263588521215651,-5.589815474218792,4.237615340285831,5.030408286199801,-0.3724460929632187,1.420118526617686,1.3140350235833063,-2.8518487987832892,-1.5968729476133983
3.931984769552946,-0.3448670882731676,3.417903758957982,0.5209482264705002,0.9050245407037437,1.141422726213932,-0.5114555611740798,-1.6210349135566502,-6.057750424742698,4.34769616574049,5.044339054916054,0.055886055901646615,0.6496433258056641,0.9698334582149982,-1.7274567168671637,-1.7895679704844951
5.520146318844387,0.28904696287853376,3.7662611859185353,-0.25384205766022205,1.44954019492226,2.6289551790271486,-0.8256851608998009,-0.20301076769828796,-5.956365415028164,5.747072696685791,5.344902760216168,-0.7612155026623181,1.3106353368077959,-0.134247824549675,-2.5930940260046293,-0.7929001556975501
5.132774505859766,-0.05440254222888213,2.9683612218269935,-0.8410219816634288,2.380862856618105,2.485553746804213,-1.6273530973360324,-1.140751057710403,-5.591960398050455,6.135300263380393,5.417486956104254,-0.24511187084210226,0.4090779553621243,-2.100473452072877,-1.4893246251516616,-1.2647231733187652
3.8453956954181194,-0.4131790925748646,3.4606418516486883,0.34182820678688586,0.6687958522234112,1.178897911682725,-0.0936507701408118,-2.426353793591261,-6.5395800694823265,4.341957797296345,5.169286264106631,0.3946837370749563,0.6524564940482378,0.6844920329749584,-1.6298792937304825,-1.8709565563476644
4.94448260827498,0.14195628396489404,4.056055329062722,0.39108363911509514,0.6163731342689558,2.153015898032622,-0.004463608122684739,-0.5146181149916216,-6.1037821769714355,4.9039480902931905,5.029674017971212,-0.6008470532569018,1.559003090316599,1.2421363348310643,-2.797729514708573,-0.8783407726071097
3.3747263050079344,-0.9958624974638224,3.7914013612270354,0.003947220742702484,0.8452280252426863,1.194464746415615,-0.5790155885368585,-2.057821149230003,-6.335522723197937,4.460002204179764,4.864770944267511,0.08732221389189362,0.6829312635026872,0.7438545882329345,-0.9793001355975867,-1.6346712248027324
3.9939141737090216,0.014461067981190151,4.140667449103462,0.8883338458008236,0.24131989089979067,1.2384496808052063,-0.2707802707536353,-0.41765880121125115,-5.633051490783691,4.255630767345428,5.0442184158497385,-0.3769730295365055,1.435905973923703,1.3221592194090286,-2.849737890271677,-1.5650797069072724
4.419906061887741,0.05948549658060074,4.092428398132324,0.7089209496974945,0.1037221509963274,1.7872138351202012,0.4275600189343095,-0.6877868622541428,-6.016104102134705,4.239640611410141,4.781492418795824,-0.5389737929217517,1.5721241182647645,1.8393520621582866,-2.732703329063952,-0.9255288511514663
1.4537628993943885,-0.6792784155242972,3.502599965643,-0.09124285424197162,2.249457218166855,0.8114796280860901,0.7499007591632781,-3.296702913698499,-5.8085808279337705,5.119299479104854,4.164599804966538,0.26661226318942177,0.2886014177843376,-0.592228643320225,-0.5655578539741261,-2.074826138990897
1.028601598739624,-1.6460217595100404,3.042829918861389,-0.17345929145812988,0.12059917449951171,0.3143537104129791,1.4362634647637607,-4.675314855575562,-7.007079696655273,4.542323350906372,5.021034193038941,1.4468483448028564,-0.945427629351616,-0.40640721321105955,0.41595504693686963,-3.263183331489563
1.724250890314579,-1.7643613517284393,3.0796437859535217,0.777586430311203,0.9234469532966614,-0.01729520410299301,0.43895175913348794,-4.983773320913315,-6.561928033828735,3.3222706019878387,4.326799690723419,1.998582772910595,-1.1826934218406677,-1.258935697376728,0.690280897077173,-3.5892108976840973
1.740021925419569,-2.0871931612491608,3.3085408210754395,1.1120217144489288,0.878368616104126,0.15567287802696228,0.8725427971221507,-4.984521321952343,-6.224062293767929,2.8968138694763184,4.297400712966919,1.8391002677381039,-0.8675562161952257,-1.650048017501831,0.587890965398401,-3.558490425348282
4.716773666441441,0.2212634856502215,4.096889777315988,1.5347672998905182,0.7252436822487248,1.0465586301353242,-0.3612420250558191,0.5957052972581651,-4.315429732203484,5.423273842367861,5.058644622564316,-0.7350795633263059,0.5375225014156766,0.7541924400462044,-1.8242103633367353,-1.9392809867858887
4.967475441785959,-0.9115347953943106,3.148927826147813,-2.0907654876892385,3.1310827594537,2.7555354157319436,-2.537580910067146,-1.3177671203246484,-6.255062543428862,7.0682477951049805,5.7358524065751295,-0.6677666031397306,-0.053867337795404285,-2.469399821299773,0.016759963419574957,-0.9370897045502296
3.866080102595416,-0.070663726271747,4.302465079279689,1.8046222812943644,1.036678304194243,0.7833638407967307,0.35877729069393177,0.2311048238332589,-4.382677304667312,5.153894822318833,4.617422768193019,-0.847396213512916,0.5894037288698283,1.1793572542729316,-2.068850841494156,-2.2842780022652116
5.196884073557392,0.42059636764949365,3.5545755702882045,0.7153393155144107,1.348653659945534,1.6980394396570422,-1.9484567242043633,0.7037059616657996,-4.081183911331238,6.001309579418551,4.861038926147645,-1.0276781642328827,0.9342373022659411,-0.15114124960476352,-2.2494570116602604,-1.5887406804869253
5.039312230002496,-0.12567452221147477,3.443300938173648,-0.2657152606594947,1.938470013199314,2.0089483227460616,-2.1402906356078963,-0.0023127928856880435,-4.862185653178923,6.328564366986675,5.123022096772348,-0.9377368210905022,0.6090990746874483,-0.8234702766902985,-1.4328809179846318,-1.357290054521253
4.618604171456712,0.3905512029022882,4.246756228646546,2.2746461711146613,0.1331599106391271,0.5869232924147085,-0.7816846952068083,1.4352356872775338,-3.4817680581049486,5.0384624528162405,4.387570008183971,-1.1886551257956661,1.2201641400231782,2.033825803660985,-2.790033019514698,-2.019528512701844
4.594566530302951,0.41467859478373276,4.251674935613808,2.3887726680228583,0.03586849119318159,0.5168452953037462,-0.8451145325640315,1.5701696010012376,-3.3475139219509926,4.969084527931716,4.2787581839059525,-1.266982823316204,1.3281250964163949,2.235549169935678,-2.9371657433282388,-2.0310823917388916
4.16727478163583,-0.5232715509831906,3.91312980055809,0.9112919679709843,1.139119683525392,1.0522125904049193,-0.5576073576297079,-0.2788237588746207,-4.772923038687025,5.271451708248684,4.841125683273588,-0.5268803890262331,0.4204508240733828,0.4598174912588937,-1.4031226368887084,-1.9427813568285532
3.8116068410873414,-0.8177787685394287,4.077316899299621,0.9832797777652741,1.0379201117157937,0.8598322504758835,-0.31821588255465033,-0.8020225916802883,-5.18937650680542,5.048697237968445,4.826190986335278,-0.29361197143793105,0.18411009550094604,0.7632576739788055,-0.9787029623240232,-2.099214013814926
5.411834918790394,0.30717523561583626,3.7525710513194404,0.5840098617805375,1.7452738787978888,1.705480826811658,-1.126166902948171,0.692205898463726,-4.595089700486925,6.1981794734795885,5.309825950612624,-0.8381031639873981,0.46116820722818375,-0.6578514911234379,-1.9979569969388347,-1.6624771654605865
5.290387732642038,0.4356075440134321,4.8067202397755215,2.115970662661961,0.38065287311162266,0.9212005425776754,-0.0895346093124577,1.8139548259122031,-4.153286516666412,5.771696209907532,5.07861219559397,-1.0848093298929078,0.7467853320496423,1.656304127403668,-2.5102350345945785,-1.8576005058629173
5.084895022489406,0.38905711665197656,4.956258144091676,2.6600059695817806,-0.02245082109476681,0.4553037862534876,0.30029540105412406,2.2763888317125813,-3.7314855842678636,5.419240219173608,4.789217452484149,-1.255325137741036,0.9765964006720524,2.346308638928113,-2.9745389747053936,-1.9948441220654383
3.675231214492552,0.2892307581440095,3.6328446980445617,2.038750237034213,0.5333736779228333,0.09875079989433289,0.4798369013494061,0.972720323070403,-3.1909836405707943,3.90440712436553,3.601415253214298,-1.0527236596230538,1.0256679163825126,1.4625659536930822,-2.4020545370275936,-2.016391573413726
3.70442449269911,0.22464278281934685,3.2576851559195164,1.4601193334339029,0.7506575401975,0.2013708538991415,-0.22737863664594243,0.43603875374389905,-3.5034780445492872,4.091387245914567,3.8514056926656326,-0.6593194053334704,0.9181429611013855,0.7038571220207013,-2.315761813988625,-2.0454621340890053
2.8741443171368344,-0.09679321410215419,3.3647308231776822,1.614346971006497,1.1180862585568558,0.25893103264515166,0.2982501971697354,-0.4894868060744003,-3.9124789665979534,3.798046681948978,3.6800826714657573,-0.5311622200128825,0.6095619085852219,0.9729409808819385,-1.8426751589817603,-2.202424958024336
3.744059356905165,0.4234382708867391,3.673687655301321,2.2746210410481407,0.3612818363166991,-0.0183090702408836,0.3432559630877915,1.5176356037457783,-2.863922625425316,3.6835439659300304,3.38204485577132,-1.29889116471722,1.1720953668866838,1.7825252055412246,-2.7465659415216317,-1.9229268360705603
2.643265082850121,-0.9488195770148499,3.0958035878187125,0.5250816552434117,1.3400864459981676,0.7368104274307067,-0.18320328021460833,-2.8310168559546582,-5.394169325688078,4.626630108415459,4.875002058311414,0.505648454457211,-0.22177610054495744,-0.4189268335176166,-0.3219605710207058,-2.695636205278182
2.915554974774975,0.07606302881015277,3.216897212537091,1.8453312364124923,0.4607929874322625,0.06510811300794465,0.04700533903007387,-0.25624303222386113,-3.5360811521008677,3.691906260548655,3.774487893114191,-0.5592374463112803,0.6890998599247649,0.9463507741467532,-1.9214198717616773,-2.4889985990086827
3.7066960394382478,0.47170681357383726,3.3974907994270325,1.795945155620575,1.5970461804419755,-0.2371941439807415,-0.48395924624055625,-0.42564603090286257,-4.039102494716644,4.450721275806427,4.269642530381679,-0.6897752061486244,0.031488162279129026,1.700182557106018,-0.643070406652987,-1.725313013792038
4.94448260827498,0.14195628396489404,4.056055329062722,0.39108363911509514,0.6163731342689558,2.153015898032622,-0.004463608122684739,-0.5146181149916216,-6.1037821769714355,4.9039480902931905,5.029674017971212,-0.6008470532569018,1.559003090316599,1.2421363348310643,-2.797729514708573,-0.8783407726071097
3.696065558327569,0.7497696197695203,3.295796506520775,2.2336324329177537,0.9583239499479532,-0.42821320042841965,-0.563845662219036,0.33358268853690887,-3.4287574821048312,4.332756931583087,3.8973058002690473,-0.652421284880903,0.15823592266274822,2.220700284673108,-1.7310761966121693,-1.736655478986601
4.038635080680251,1.0863740130735096,3.3331527763511986,2.2652724416693673,0.8243860437069088,-0.5450594120193273,-0.47389326509437524,0.8933930778875947,-3.3512514727190137,4.394861730746925,3.796714468859136,-0.8366226810030639,0.3310133940540254,2.5783106714952737,-2.0117442334303632,-1.5858211868908256
5.520146318844387,0.28904696287853376,3.7662611859185353,-0.25384205766022205,1.44954019492226,2.6289551790271486,-0.8256851608998009,-0.20301076769828796,-5.956365415028164,5.747072696685791,5.344902760216168,-0.7612155026623181,1.3106353368077959,-0.134247824549675,-2.5930940260046293,-0.7929001556975501
-0.6546948637281146,-0.23973435163497925,3.688960688454764,0.15930410155228206,3.6812717063086375,2.2324021926948,1.9219142020280873,-4.88831581388201,-7.090178421565464,5.7283879688807895,4.09650046484811,-1.3402907167162215,-0.07019297938261713,0.6706282922199794,0.5800162795931101,-3.56682083436421
-1.655455756187439,0.015454530715942383,3.8492204427719114,0.2047151193022728,4.199009263515473,2.5897992879152296,2.6513384813442826,-4.575008374452591,-7.181067562103271,5.5186072431504725,3.7258328795433044,-1.8075428247451781,0.07598897889256477,0.5621565878391266,0.27663881089538334,-3.783851820230484
2.381780207157135,-2.511954754590988,2.992710828781128,0.7527340948581696,0.7992923557758331,-1.0808303281664848,1.5059584961272776,-5.74182003736496,-7.0696117877960205,3.469636093825102,5.85377436876297,1.6721921563148499,-1.2529880702495575,-2.0090317130088806,0.20234904205426574,-4.544864654541016
3.434115576040414,-0.21788623804847398,3.063264661365085,1.2997057909766834,0.9426440484821796,0.4464101131177611,-0.10013556045790513,-1.0067845169040892,-4.278040551477009,4.666004467341635,4.229293428050975,-0.4672467502661877,0.24803688128789267,0.8169624590211444,-1.7223781788100798,-2.1549650753537812
2.499688220024109,-1.0961072325706482,1.538014578819275,-1.0479435205459595,2.6015878677368165,0.6292512714862823,0.5494255054742098,-5.490611124038696,-6.998781967163086,4.959689807891846,5.409163987636566,1.2896195888519286,-1.8245006799697876,-2.451560354232788,0.9880333643406629,-2.4616557598114013
3.6828994234402974,0.3440223972002665,3.674670994281769,2.1495784322420755,0.5160386472940445,0.1364408701658249,0.4954533146073421,1.1925717115402221,-3.068977172176043,3.831363542874654,3.5014424361288548,-1.1993553539117177,1.0263819843530655,1.5787670701742171,-2.4541530353948473,-1.9792396346728007
3.66804226860404,0.23786359652876854,3.59363254532218,1.9348488040268421,0.5496252691373229,0.06341635901480913,0.4651965139200911,0.7666096463799477,-3.3053647046908736,3.9728854820132256,3.6951397692319006,-0.9152564462274313,1.0249984776601195,1.3536274069920182,-2.353212194808293,-2.051221515983343
3.7304741564122113,0.3426220579580827,3.614795298738913,2.1127702837640587,0.3927428708835082,-0.06438371742313559,0.328169078566134,1.1930693794380536,-3.0451614921065895,3.7931880842555654,3.5283428062261506,-1.0877494222738526,1.164465844631195,1.6095255352556705,-2.6598629253620114,-1.9778369678692385
3.744059356905165,0.4234382708867391,3.673687655301321,2.2746210410481407,0.3612818363166991,-0.0183090702408836,0.3432559630877915,1.5176356037457783,-2.863922625425316,3.6835439659300304,3.38204485577132,-1.29889116471722,1.1720953668866838,1.7825252055412246,-2.7465659415216317,-1.9229268360705603
3.9069594860076906,0.40079678694407145,3.7817801952362062,2.1323811729749043,1.2190208668510119,0.3115920156240463,0.3298494206120571,1.300248622894287,-3.112744426727295,4.000348409016927,3.5697197772562506,-1.181880956888199,1.1596414844195049,2.2745023488998415,-2.6156730618327857,-1.120968190828959
3.642646120985349,0.33151121040185294,3.612512087325255,2.1072867353757223,0.5270032569766044,0.14367427329222363,0.4965277081976334,1.1495896319548289,-3.0718366295099258,3.7866254140933355,3.5042070167760055,-1.2000650544961293,1.0473908623059591,1.5620567440986632,-2.443799960240722,-1.9727105617523193
3.7155070174485445,0.10531647456809878,3.611064882017672,1.9757070497144014,0.23318014573305845,-0.1668885201215744,0.10095510992687196,0.7425056956708431,-3.2971570199588314,3.965547662228346,3.8433223451193044,-0.6937742689624429,0.9064312115078792,1.4850720142712817,-2.4682124647079036,-2.0180918779224157
4.967475441785959,-0.9115347953943106,3.148927826147813,-2.0907654876892385,3.1310827594537,2.7555354157319436,-2.537580910067146,-1.3177671203246484,-6.255062543428862,7.0682477951049805,5.7358524065751295,-0.6677666031397306,-0.053867337795404285,-2.469399821299773,0.016759963419574957,-0.9370897045502296
5.036863850919824,0.4193539364557517,4.7680449360295345,2.4438318123942926,0.27862526221494927,0.6278696373889321,0.08360875995927736,2.06186821899916,-3.694108164624164,5.405309118722615,4.832260165559618,-1.2916441465678967,0.9285080040756025,1.961881171715887,-2.8142032667406296,-2.0312316950998808
5.343223684109175,0.39111117273569107,3.4142750258056016,0.24867234780238226,1.7245976093869944,2.014137309904282,-2.0801308136433363,0.36581606360582203,-4.39267377440746,6.287870993980994,5.1111233073931475,-0.8822421137100229,0.721462281814848,-0.8661536797881126,-1.930459952268463,-1.4890104280068324
5.09119435482555,0.44189123064279556,3.655903741303417,1.0523765699730978,1.077138585348924,1.469746533367369,-1.8533587707206607,0.9477375547091166,-3.8562190102206335,5.79434855779012,4.6804224285814495,-1.132715311832726,1.0879081503695085,0.3652566166387664,-2.479843776776559,-1.660768085055881
4.651226684451103,0.35780688534889904,4.240080840619547,2.1197602110249654,0.2651982656014817,0.6820291456367288,-0.6956013445077198,1.2521110900810786,-3.663970100028174,5.132618208016668,4.535243198275566,-1.0823532505892217,1.0736456992038126,1.7600583780024732,-2.5903528943391785,-2.0038482482944215
4.594566530302951,0.41467859478373276,4.251674935613808,2.3887726680228583,0.03586849119318159,0.5168452953037462,-0.8451145325640315,1.5701696010012376,-3.3475139219509926,4.969084527931716,4.2787581839059525,-1.266982823316204,1.3281250964163949,2.235549169935678,-2.9371657433282388,-2.0310823917388916
4.435860140965535,-0.3615948368723576,3.998726276250986,0.24098416045308113,0.7364616912718003,1.971296886411997,-0.12145250527044901,-1.059051360648412,-6.18271294923929,4.761661112308502,4.837242032472904,-0.4201082123013643,1.2891280353069305,1.1377130380043616,-2.161211081350652,-1.0250160281474774
4.94448260827498,0.14195628396489404,4.056055329062722,0.39108363911509514,0.6163731342689558,2.153015898032622,-0.004463608122684739,-0.5146181149916216,-6.1037821769714355,4.9039480902931905,5.029674017971212,-0.6008470532569018,1.559003090316599,1.2421363348310643,-2.797729514708573,-0.8783407726071097
5.241182222366333,0.21960707768797874,3.8977655839920042,0.07719208136200904,1.0894734492897988,2.380088703632355,-0.4614581160247326,-0.3181753158569336,-5.977953472137451,5.321313695907593,5.169525634720921,-0.6885047763586044,1.3902142643928528,0.48650681853294375,-2.673516002446413,-0.8083276689052582
4.94448260827498,0.14195628396489404,4.056055329062722,0.39108363911509514,0.6163731342689558,2.153015898032622,-0.004463608122684739,-0.5146181149916216,-6.1037821769714355,4.9039480902931905,5.029674017971212,-0.6008470532569018,1.559003090316599,1.2421363348310643,-2.797729514708573,-0.8783407726071097
4.94448260827498,0.14195628396489404,4.056055329062722,0.39108363911509514,0.6163731342689558,2.153015898032622,-0.004463608122684739,-0.5146181149916216,-6.1037821769714355,4.9039480902931905,5.029674017971212,-0.6008470532569018,1.559003090316599,1.2421363348310643,-2.797729514708573,-0.8783407726071097
4.94448260827498,0.14195628396489404,4.056055329062722,0.39108363911509514,0.6163731342689558,2.153015898032622,-0.004463608122684739,-0.5146181149916216,-6.1037821769714355,4.9039480902931905,5.029674017971212,-0.6008470532569018,1.559003090316599,1.2421363348310643,-2.797729514708573,-0.8783407726071097
3.886788441446321,0.04384627758428968,3.5473326334151727,1.318639635654359,0.4606090358875949,0.685602203525346,-0.03483527545528165,-0.1496114617791669,-4.380710477972853,3.971253091919011,4.08934353690209,-0.5524523633307424,1.0655805404330123,1.2105737708765885,-2.448621467044898,-1.6619614915087306
4.94448260827498,0.14195628396489404,4.056055329062722,0.39108363911509514,0.6163731342689558,2.153015898032622,-0.004463608122684739,-0.5146181149916216,-6.1037821769714355,4.9039480902931905,5.029674017971212,-0.6008470532569018,1.559003090316599,1.2421363348310643,-2.797729514708573,-0.8783407726071097
4.94448260827498,0.14195628396489404,4.056055329062722,0.39108363911509514,0.6163731342689558,2.153015898032622,-0.004463608122684739,-0.5146181149916216,-6.1037821769714355,4.9039480902931905,5.029674017971212,-0.6008470532569018,1.559003090316599,1.2421363348310643,-2.797729514708573,-0.8783407726071097
3.4708068725947094,0.38588856807664823,3.5783772064667,2.119501175849061,0.36600335703023074,-0.1926659682863637,0.3045222113203061,1.2465085442128934,-3.2476841372094656,3.8198951271019483,3.5653471868289146,-1.5144341854672683,1.5177096692158987,2.1882205923136913,-3.0984445042712125,-2.3888584566057514
1.6063314527273178,-0.15059299902482468,3.9160461913455618,1.2882880852981047,2.3640678975392473,1.0603679350831292,1.2071389957246454,-1.38226656480269,-5.042044292796742,5.347298622131348,3.942557929591699,-2.0885767313567074,0.9568039874800227,1.8794047182256526,-1.6899602259085937,-3.179659040136771
1.6063314527273178,-0.15059299902482468,3.9160461913455618,1.2882880852981047,2.3640678975392473,1.0603679350831292,1.2071389957246454,-1.38226656480269,-5.042044292796742,5.347298622131348,3.942557929591699,-2.0885767313567074,0.9568039874800227,1.8794047182256526,-1.6899602259085937,-3.179659040136771
1.6063314527273178,-0.15059299902482468,3.9160461913455618,1.2882880852981047,2.3640678975392473,1.0603679350831292,1.2071389957246454,-1.38226656480269,-5.042044292796742,5.347298622131348,3.942557929591699,-2.0885767313567074,0.9568039874800227,1.8794047182256526,-1.6899602259085937,-3.179659040136771
1.6063314527273178,-0.15059299902482468,3.9160461913455618,1.2882880852981047,2.3640678975392473,1.0603679350831292,1.2071389957246454,-1.38226656480269,-5.042044292796742,5.347298622131348,3.942557929591699,-2.0885767313567074,0.9568039874800227,1.8794047182256526,-1.6899602259085937,-3.179659040136771
1.6063314527273178,-0.15059299902482468,3.9160461913455618,1.2882880852981047,2.3640678975392473,1.0603679350831292,1.2071389957246454,-1.38226656480269,-5.042044292796742,5.347298622131348,3.942557929591699,-2.0885767313567074,0.9568039874800227,1.8794047182256526,-1.6899602259085937,-3.179659040136771
1.6063314527273178,-0.15059299902482468,3.9160461913455618,1.2882880852981047,2.3640678975392473,1.0603679350831292,1.2071389957246454,-1.38226656480269,-5.042044292796742,5.347298622131348,3.942557929591699,-2.0885767313567074,0.9568039874800227,1.8794047182256526,-1.6899602259085937,-3.179659040136771
1.0824978125095368,-0.24420234441757202,3.986430640220642,1.1496977418661118,2.824813267290592,1.38305788397789,1.3783826656639575,-1.8346851062774658,-5.287426128387451,5.571901168823242,3.9771405589580535,-2.3409063839912414,0.9091010624170304,1.8522304964065552,-1.4343934066593647,-3.3044839656352996
0.6709142380527088,-0.3177525443690164,4.04173270719392,1.0408053291695458,3.1868274863809347,1.6365999866809164,1.512931263473417,-2.1901568174362183,-5.480226142065866,5.7483745983668735,4.004312624888761,-2.5391653967755183,0.8716201927246792,1.8308793221201216,-1.2335909058206849,-3.4025606928127154
1.3510833042008537,-3.586385130882263,1.8179239545549666,0.5814292218003955,-0.695060236113412,0.6343794273478645,0.13145728116588934,-5.843786563192095,-7.056197030203683,4.076731034687588,3.9581768086978366,1.0216366052627563,-2.675546612058367,-0.04110310758863177,0.20360595706318105,-4.299711772373745
0.46322013934453327,-3.066248575846354,4.053454717000325,1.4749675889809926,-0.750257134437561,0.5244707614183426,0.537309456927081,-6.147432804107666,-6.034058252970378,1.5376657048861186,3.8595158935834966,0.10895238320032756,-0.11690352608760197,-0.9864886899789175,0.4703957124923666,-2.9311222434043884
-1.2859710693359374,-0.4470153093338013,3.9330474615097044,0.15152343809604646,4.437973988056183,2.687516787648201,2.135590814985335,-4.9675473928451535,-7.0891927719116214,6.175567531585694,4.136774277687072,-2.195600652694702,0.11864879801869392,0.9653256654739379,0.5379403760656715,-3.7627346098423002
-1.9101080160874586,-0.20288210190259492,3.9999964787409854,0.18825052793209368,4.661610043965853,2.857411185136208,2.6473764268538127,-4.708257459677183,-7.1593349530146675,5.911002458861241,3.842351409105154,-2.357646135183481,0.18751758652237746,0.813878806737753,0.3142829163429829,-3.884470650782952
2.0165494933377865,-1.8530567541371945,2.8032681508812796,0.07182228253331295,2.6011686137076033,0.32793607597434243,0.12310214604922505,-3.307780539573625,-6.450649983661119,4.1344748574287395,4.027137857883475,1.1440475106585857,-1.143039659510345,-0.13625824321494545,0.7007478011208911,-2.7527684879944077
4.829167658632452,-1.7812156568874011,1.3560160457749257,-0.25263539769432763,2.978571144017306,-2.1456588587977667,-1.3260858226567507,0.4156298583204096,-6.710447419773448,3.8655013238841835,3.5463923757726494,2.6007701592011885,-2.650144652886824,0.9193998791954734,1.0275353997607122,-2.633939602158286
3.733278473422154,-1.21439306677055,3.098747318040635,1.6308277598790712,1.3621843430533338,-0.6933005701736616,-0.44111845640134617,-1.4785187587197592,-5.185009085614957,3.9204263767755743,4.671587533671965,0.4479478950153536,-0.17374466181691015,0.7860646512526185,-1.5681411777553496,-3.309261838724809
3.0167816281318665,-1.5570130944252014,2.0470818877220154,0.5751674920320511,1.3407384753227234,-0.05326905474066734,0.29787798086181283,-5.537947781383991,-7.151727944612503,3.2705632969737053,5.919284850358963,2.5243356600403786,-1.4486999958753586,-1.693766463547945,0.6216160892508924,-4.019059747457504
4.106167840957641,-0.8280033588409423,0.8415479809045792,-0.5581190794706344,0.1016979843378067,2.1019447639584543,-0.07848345879465342,-6.218888580799103,-6.383599579334259,4.537285766750574,6.384912633895874,3.1249739944934847,-0.8670948028564454,-4.174149680137634,-0.5267433593049645,-2.5056276679039002
3.050653717734597,-1.684100866317749,0.4039719890464436,-1.0962084613063119,-0.43315333940766076,0.7207593443718824,-0.3669134793295102,-5.887338594956831,-6.626762650229714,4.7770965695381165,6.435141249136492,3.0233828804709693,-1.45445625890385,-2.9401660615747627,-0.36725586195561016,-2.8940348625183105
2.0575769444306693,-1.7299680908521016,2.3181042075157166,0.479492607836922,0.9463327676057816,-0.7529638533790907,1.0045869932509959,-5.07821990052859,-6.499171495437622,3.692085017760595,5.25739707549413,2.2255603273709617,-1.2487295468648274,-1.4750966975310196,0.5131154682797691,-3.9664787650108337
2.0230202426513038,-1.7650650938351948,2.745798389116923,0.7729365130265554,1.12258301799496,-0.536006840566794,0.754363515569518,-5.249681353569031,-6.524787882963817,3.406129125505686,5.289782285690308,1.8297567690412204,-1.134883354107539,-1.5904649098714192,0.2467168434523046,-3.9175012509028115
3.6135447242043237,-0.8115793405608698,-0.2949875132604079,0.2943142117424445,1.5662331933324987,0.10381276634606448,-0.9127166796136986,-4.155469623478976,-3.220437374981967,4.0429353009570725,4.274548817764629,1.8059682307383893,-2.3812787424434316,-1.9510882957415148,-0.5042129329998385,-0.17591878500851718
2.7952653964360556,-0.18506483236948648,2.066842272877693,-0.788275420665741,1.3083294580380123,0.04815895048280557,-1.8749677349502842,-5.396235595146815,-8.555899143218994,3.61407071352005,6.3091966311136884,1.9725816647211711,-1.138274575273196,-1.6876489073038101,0.7701078538472453,-3.5147555420796075
4.4141507307688395,-0.1748359719912211,3.914030090967814,0.8625613749027252,1.1046512775123118,1.3322152336438497,-0.5673092094560465,-1.1561338663101197,-5.2658577044804895,5.676233275731405,5.47707040309906,0.1377167840798696,-0.06415791114171346,-0.3817941308021545,-0.8980222466091315,-2.131761972109477
3.7520103683838477,-0.6462555986184341,4.023225197425256,-0.32570937963632435,0.6164693250679053,1.2863027109549596,-0.5489176149265125,-1.828970886193789,-6.804924873205332,4.818275231581468,5.473207416442724,-0.25301685786018,0.9724213962371533,0.9884530580960788,-1.422444408472914,-1.279434302678475
5.474303347723825,0.28061841561325956,3.773395070007869,-0.16943699972970144,1.4611951253776039,2.558503050889288,-0.8205252293763416,-0.16382740225110734,-5.879088061196463,5.649243814604623,5.2794090478814075,-0.7573787016527993,1.2575944725956236,-0.10720208712986537,-2.575919671383287,-0.7533173731395176
6.041832271375154,0.42476605682780866,3.491891804494356,-0.8139455820384779,2.262061167116228,3.0362827417097593,-1.6142898675446447,0.12653494194934242,-5.757179962961297,6.488529544127615,5.600812319960249,-0.9131298723973726,1.031899499265771,-1.4424093648007041,-2.3829839422710632,-0.6812911943385476
5.639976249021642,0.3729894231347477,3.672659200780532,-0.9375798141255098,2.007881989593015,2.79898234149989,-1.6404357170138288,-0.11601138114929199,-5.90024520369137,6.433331152972053,5.866065963226206,-0.8256133170250584,1.043442915467655,-1.4561246142667883,-2.1923455917002523,-0.7667775557321661
4.27854774184525,0.34633137136697767,4.0628508001565935,0.525353435613215,1.621724984422326,2.298268774151802,-0.019854079466313124,0.06290052533149719,-5.713213312625885,4.979634629935026,4.7255051419138905,-1.5774999111890793,1.7141797607764602,1.5804441690444946,-2.886636730004102,-1.0696991726756095
4.355565000163472,0.24689929511236108,3.826629708642545,0.23220319673419,1.7182056622012802,2.119944450647935,-0.2940352543702592,-0.4241874451222627,-5.884763956069946,5.2005555208610454,4.982302420813104,-1.1974316239356995,1.494847628571417,0.9932324886322021,-2.5933981373420227,-1.2539228110209755
4.289595157206058,0.16940297722816466,3.654397637844086,0.11268854454159737,1.7028547981381417,1.906447479724884,-0.473731866851449,-0.8967364430427551,-6.119446020126343,5.19137829720974,5.142239154577255,-0.9406709456443787,1.2707558815181255,0.7889675807952881,-2.3246110121160743,-1.4604628717899322
3.5343940101031746,0.051537921386105676,3.7452746693577086,0.11490426012980086,2.1850788532091037,2.1039121257407323,-0.14074242627248168,-1.352702653833798,-6.223101045404162,5.408622034426246,5.044579228120191,-1.2889551839658193,1.1945262812078,0.8815374331814902,-2.02842805354989,-1.7561132875936372
5.142736816157897,0.35605167266395354,4.158365140358607,0.6731718292252885,0.685629040416744,2.194079101913505,-0.4016667938687735,0.5778839389483134,-5.561384320259094,4.838990826573637,4.832185630997022,-0.9965412318706512,1.8367116215328376,1.4466974006758795,-3.361503238996698,-0.8699671609534158
4.67583954334259,0.07331396713852882,4.1912925958633425,0.6920489642769099,0.22756183929741383,1.930910900235176,0.37877311650663614,-0.6600348770618438,-6.172576665878296,4.5104899406433105,4.882567271590233,-0.5260084435343743,1.6749080419540405,1.884448942542076,-2.8932260761037467,-0.9182130604982376
4.485023279984792,-0.05920580712457498,3.7716986338297525,0.3664191442852219,0.44402150964985293,1.5176311358809471,-0.10772955464199185,-1.6052040507396061,-6.613528847694397,4.60638165473938,5.2323913251360255,-0.1029942271610101,1.1780401666959126,1.3103609755635262,-2.283281575422734,-1.4044564788540204
4.67583954334259,0.07331396713852882,4.1912925958633425,0.6920489642769099,0.22756183929741383,1.930910900235176,0.37877311650663614,-0.6600348770618438,-6.172576665878296,4.5104899406433105,4.882567271590233,-0.5260084435343743,1.6749080419540405,1.884448942542076,-2.8932260761037467,-0.9182130604982376
4.94448260827498,0.14195628396489404,4.056055329062722,0.39108363911509514,0.6163731342689558,2.153015898032622,-0.004463608122684739,-0.5146181149916216,-6.1037821769714355,4.9039480902931905,5.029674017971212,-0.6008470532569018,1.559003090316599,1.2421363348310643,-2.797729514708573,-0.8783407726071097
2.709471732378006,-1.067700872818629,3.09828128417333,-0.4596475859483083,0.34108661611874896,1.0243759825825691,1.2594918147660792,-4.976036787033081,-7.461345781882604,4.578391035397847,5.426266873876254,1.5182413458824158,-0.3570443292458852,0.12262928485870361,0.35743114616100985,-2.016801377137502
4.251156833436754,-0.018368913067711726,4.345046506987678,2.003774646255705,0.46572565908233327,0.5786712136533525,0.13744395909210047,-0.14253650771247017,-4.650954882303874,5.0856650935279,5.079412221080727,-0.2643508430984285,0.24656553400887382,1.1744712160693274,-1.541828090324998,-2.3943969309329987
4.740819072723388,0.03451247215270996,4.316745948791504,1.4060624659061431,0.7455002028495074,1.1353090077638626,-0.3366444295272231,0.03873869776725769,-4.792247068881989,5.725590491294861,5.323507630825043,-0.3412808030843735,0.2911350578069687,0.4486043781042099,-1.5982886726036667,-2.0461633026599886
3.756385725736618,-1.1329554717987775,3.839381158351898,-0.14965766798704863,1.1230090299621225,1.7915989667177201,-0.5002531030215323,-1.8574361726641655,-6.274604940414429,4.730731022357941,4.6029042288661,-0.1683453716337681,0.7993754714727401,0.6494794592261315,-1.0950333072803915,-1.2397602930665017
4.005503022992933,-0.19137900644862973,3.7533450481053947,0.4677888888966393,0.7671559822519083,1.4468107416823104,-0.4486389795972689,-1.1645873140644383,-5.735266695956926,4.628107360891394,5.159597810861227,-0.05947934896559329,1.0073922107348572,0.4317501839753744,-2.246928672180385,-1.6326751298195608
3.251449537277222,-0.7942000746726989,2.9598904848098755,-0.9246094942092895,0.39741029739379885,1.0500918209552765,1.0623906124383211,-5.610370731353759,-8.163771629333496,4.53676323890686,5.929979658126831,1.3369174480438233,-0.24566481113433838,-0.12116837501525879,0.14888260178267956,-1.540442991256714
3.3313045161111012,-0.7735156757490975,2.5924157244818553,-1.0209296260561262,0.7199558871132987,0.5932748189994267,0.03306674877447741,-5.816279070717948,-8.35077680860247,4.6936423778533936,6.230417353766305,1.529820135661534,-0.5487032106944493,-0.5322856562478202,0.32532783783972263,-2.196223156792777
2.237367033958435,-1.3231028219064076,2.915131668249766,-0.07896579305330913,0.5669903258482615,0.5989452674984932,0.555934636387974,-4.521872639656067,-6.922549466292064,4.7572880784670515,5.185437073310216,1.8683550953865051,-0.7335824469725291,0.006699323654174805,0.7203692720892528,-3.0669674078623452
4.251156833436754,-0.018368913067711726,4.345046506987678,2.003774646255705,0.46572565908233327,0.5786712136533525,0.13744395909210047,-0.14253650771247017,-4.650954882303874,5.0856650935279,5.079412221080727,-0.2643508430984285,0.24656553400887382,1.1744712160693274,-1.541828090324998,-2.3943969309329987
4.740819072723388,0.03451247215270996,4.316745948791504,1.4060624659061431,0.7455002028495074,1.1353090077638626,-0.3366444295272231,0.03873869776725769,-4.792247068881989,5.725590491294861,5.323507630825043,-0.3412808030843735,0.2911350578069687,0.4486043781042099,-1.5982886726036667,-2.0461633026599886
4.67583954334259,0.07331396713852882,4.1912925958633425,0.6920489642769099,0.22756183929741383,1.930910900235176,0.37877311650663614,-0.6600348770618438,-6.172576665878296,4.5104899406433105,4.882567271590233,-0.5260084435343743,1.6749080419540405,1.884448942542076,-2.8932260761037467,-0.9182130604982376
4.94448260827498,0.14195628396489404,4.056055329062722,0.39108363911509514,0.6163731342689558,2.153015898032622,-0.004463608122684739,-0.5146181149916216,-6.1037821769714355,4.9039480902931905,5.029674017971212,-0.6008470532569018,1.559003090316599,1.2421363348310643,-2.797729514708573,-0.8783407726071097
3.181576430797577,-0.8122989237308502,3.2814309000968933,-0.8403293788433075,0.11518290638923645,1.449806697666645,1.9630489931441844,-5.430200934410095,-8.000142097473145,4.399493992328644,5.667096674442291,1.1681275963783264,0.019493788480758667,0.23855924606323242,-0.005506979767233133,-0.9666353464126587
4.251156833436754,-0.018368913067711726,4.345046506987678,2.003774646255705,0.46572565908233327,0.5786712136533525,0.13744395909210047,-0.14253650771247017,-4.650954882303874,5.0856650935279,5.079412221080727,-0.2643508430984285,0.24656553400887382,1.1744712160693274,-1.541828090324998,-2.3943969309329987
4.740819072723388,0.03451247215270996,4.316745948791504,1.4060624659061431,0.7455002028495074,1.1353090077638626,-0.3366444295272231,0.03873869776725769,-4.792247068881989,5.725590491294861,5.323507630825043,-0.3412808030843735,0.2911350578069687,0.4486043781042099,-1.5982886726036667,-2.0461633026599886
3.181576430797577,-0.8122989237308502,3.2814309000968933,-0.8403293788433075,0.11518290638923645,1.449806697666645,1.9630489931441844,-5.430200934410095,-8.000142097473145,4.399493992328644,5.667096674442291,1.1681275963783264,0.019493788480758667,0.23855924606323242,-0.005506979767233133,-0.9666353464126587
2.7231296648581824,0.15536605970313153,3.25356545795997,0.4387696186701457,-0.21899694972671568,0.7318406589329243,0.4087953665293753,-0.585313099126021,-4.490914665162563,3.226671346773704,3.9277616081138453,-0.3957677024106185,1.1412836331874132,1.3404456364611785,-1.8039789968170226,-0.6613934822380543
5.212101250886917,-0.06031574308872223,2.956754982471466,-1.1222391091287136,2.8285281732678413,2.719042006880045,-2.0817108012270182,-1.8638433068990707,-5.914113342761993,6.800397872924805,6.052900522947311,0.17885754257440567,-0.33423231542110443,-3.219490621238947,-0.37696733442135155,-1.61920627951622
1.028601598739624,-1.6460217595100404,3.042829918861389,-0.17345929145812988,0.12059917449951171,0.3143537104129791,1.4362634647637607,-4.675314855575562,-7.007079696655273,4.542323350906372,5.021034193038941,1.4468483448028564,-0.945427629351616,-0.40640721321105955,0.41595504693686963,-3.263183331489563
1.028601598739624,-1.6460217595100404,3.042829918861389,-0.17345929145812988,0.12059917449951171,0.3143537104129791,1.4362634647637607,-4.675314855575562,-7.007079696655273,4.542323350906372,5.021034193038941,1.4468483448028564,-0.945427629351616,-0.40640721321105955,0.41595504693686963,-3.263183331489563
4.785842292838627,0.21371799459060034,4.25530219078064,1.5713617371188269,0.746669552806351,1.0652318894863129,-0.3393582699613439,0.6134438316027323,-4.313204026884502,5.569088154368931,5.0774154017368955,-0.698007861773173,0.4738284713692135,0.7605344686243269,-1.8458256450378232,-1.940642601913876
5.687960386276245,0.39160482585430145,3.990472356478373,0.44367509086926776,1.607232676508526,2.021751519292593,-1.2591135730035603,0.802431176106135,-4.68656787276268,6.6430127422014875,5.537913113832474,-0.8409628346562386,0.463399072488149,-0.7678854589660963,-1.850620552431792,-1.4406386812527974
5.283350382532392,0.3947791840348925,4.814220564705985,2.0259027587515965,0.2938263400324753,0.9901265895792416,-0.13015148296420062,1.7805219675813402,-4.060598458562579,5.897776773997715,5.0904878207615445,-1.066801599093846,0.7961427122354507,1.5019530888114656,-2.5124710485605255,-1.7711176403931208
4.526513158150439,-0.07596762267486104,3.8824289216185517,0.8956275234385481,0.8027533574627256,1.7103215165014536,-0.43560802680000943,-0.4463337125643244,-5.546128878053629,4.579746529741107,4.780077384890251,-0.3942983608763173,1.3233801622716885,1.0418080791549862,-2.7264406279362037,-1.5494383545416706
2.4977536172414503,-0.4944766124459446,3.857529938485183,1.1283404551816325,1.714774687648982,1.6266916965477909,0.18728802382206242,-1.9962774344739762,-5.616922565755692,4.6772609848581945,4.517226548588022,-1.024441427987148,0.8020977137696182,1.364291985816461,-1.6960212041141716,-2.3748032116192452
3.6634902069645543,-0.41384754329919815,3.2613239480603124,-0.16703955288375577,1.2594584126866633,1.076002687215805,-0.6812063754806595,-2.73120444051681,-6.728401137936499,4.450530587665496,5.235287173140433,0.9314458932607405,0.09303283979815821,-0.6007617966782662,-1.0759144760668278,-1.9270909418982844
6.075611302727147,0.43097656533906337,3.486635258323268,-0.8761387826188615,2.2534733236228166,3.0881948361271307,-1.6180919223514043,0.09766298846194618,-5.814121171047813,6.560613983555844,5.649070844838493,-0.9159569889307022,1.0709822413168455,-1.4623378028995113,-2.395638729886789,-0.710457455170782
4.395081523692969,0.2500207627361471,3.9805252606218513,1.3535331760843594,0.15922202282782758,0.9852254779049845,0.20823386356686102,0.2881201252792821,-4.80511237635757,4.16416614705866,4.275781899577741,-0.7792856864856951,1.5808172198859127,1.9102553124680663,-3.046279011463577,-1.3057612894159374
4.395530139305154,0.2587707530783147,3.995183746425473,1.3729551102281834,0.15078404637015597,1.005914135550966,0.2128224097268314,0.35224020846036014,-4.783124579002663,4.135003819149368,4.2564940497051085,-0.8235827085314965,1.5940850754933698,1.9563509881192325,-3.066263714605676,-1.2866761553652433
5.020191537757074,0.3077792520484617,3.872541222841509,0.5398728100042189,0.8681857460929502,1.8683807042337233,-0.3847316326873918,0.18865774908373434,-5.310835459299626,4.9959241863219965,4.79673308224207,-0.8582063110605362,1.433637793266004,0.8272048227729336,-2.8362142780585393,-1.0186973281445042
4.401660203933716,0.2853477275930345,4.017429389059544,1.4172584547195584,0.13242708006873727,1.050574028864503,0.21981403639074415,0.47288795933127403,-4.7395134484395385,4.080155374482274,4.209260111558251,-0.9107691887766123,1.614414895651862,2.040619421284646,-3.1117003861581907,-1.2460748981684446
4.399163847384245,-0.05517895835573259,3.3566147951287744,-0.13870657579568418,1.3545383521477166,1.701255139813799,-1.032523848845259,-1.2313977399051352,-5.778357051636862,5.027883392313252,5.209823023203922,0.020970891543623547,0.6738086304040221,-0.6524033515876078,-1.8422021064097467,-1.4203269776442777
5.022533534811093,0.19814150064037397,3.7659160861602197,-0.05096085770772053,1.3615443849792848,2.188468739963495,-1.0004603988849199,-0.2556207953737332,-5.721258102701261,5.435033556360465,5.3419621381908655,-0.6038389419957709,1.1705068259392506,-0.2790697145705613,-2.491085184451479,-1.1512248487426684
4.967475441785959,-0.9115347953943106,3.148927826147813,-2.0907654876892385,3.1310827594537,2.7555354157319436,-2.537580910067146,-1.3177671203246484,-6.255062543428862,7.0682477951049805,5.7358524065751295,-0.6677666031397306,-0.053867337795404285,-2.469399821299773,0.016759963419574957,-0.9370897045502296
5.036863850919824,0.4193539364557517,4.7680449360295345,2.4438318123942926,0.27862526221494927,0.6278696373889321,0.08360875995927736,2.06186821899916,-3.694108164624164,5.405309118722615,4.832260165559618,-1.2916441465678967,0.9285080040756025,1.961881171715887,-2.8142032667406296,-2.0312316950998808
5.343223684109175,0.39111117273569107,3.4142750258056016,0.24867234780238226,1.7245976093869944,2.014137309904282,-2.0801308136433363,0.36581606360582203,-4.39267377440746,6.287870993980994,5.1111233073931475,-0.8822421137100229,0.721462281814848,-0.8661536797881126,-1.930459952268463,-1.4890104280068324
5.09119435482555,0.44189123064279556,3.655903741303417,1.0523765699730978,1.077138585348924,1.469746533367369,-1.8533587707206607,0.9477375547091166,-3.8562190102206335,5.79434855779012,4.6804224285814495,-1.132715311832726,1.0879081503695085,0.3652566166387664,-2.479843776776559,-1.660768085055881
4.651226684451103,0.35780688534889904,4.240080840619547,2.1197602110249654,0.2651982656014817,0.6820291456367288,-0.6956013445077198,1.2521110900810786,-3.663970100028174,5.132618208016668,4.535243198275566,-1.0823532505892217,1.0736456992038126,1.7600583780024732,-2.5903528943391785,-2.0038482482944215
4.594566530302951,0.41467859478373276,4.251674935613808,2.3887726680228583,0.03586849119318159,0.5168452953037462,-0.8451145325640315,1.5701696010012376,-3.3475139219509926,4.969084527931716,4.2787581839059525,-1.266982823316204,1.3281250964163949,2.235549169935678,-2.9371657433282388,-2.0310823917388916
-1.2859710693359374,-0.4470153093338013,3.9330474615097044,0.15152343809604646,4.437973988056183,2.687516787648201,2.135590814985335,-4.9675473928451535,-7.0891927719116214,6.175567531585694,4.136774277687072,-2.195600652694702,0.11864879801869392,0.9653256654739379,0.5379403760656715,-3.7627346098423002
-1.9101080160874586,-0.20288210190259492,3.9999964787409854,0.18825052793209368,4.661610043965853,2.857411185136208,2.6473764268538127,-4.708257459677183,-7.1593349530146675,5.911002458861241,3.842351409105154,-2.357646135183481,0.18751758652237746,0.813878806737753,0.3142829163429829,-3.884470650782952
1.9358158045344882,-2.681668837865194,1.4681284030278523,-0.2088887459701962,-0.14516519175635445,0.293508294555876,-0.9119948121822543,-5.919801155726115,-7.961400720808241,4.011248641543919,4.863131295061773,1.655318260192871,-2.2262208461761475,-0.36168179247114396,0.5613824383666118,-4.445301718182034
2.4514883011579514,-2.808374211192131,1.100166767835617,0.7063169330358505,-2.5846823304891586,-0.809755053371191,1.6360981159377843,-5.991554111242294,-7.192693412303925,0.8647401183843613,5.80152209388325,1.6824584379792213,-1.0018454529345036,2.3169387727975845,-0.17994219926185906,-2.2206264436244965
2.8166462779045105,-2.5458655059337616,2.0056422352790833,0.9148192405700684,0.9755822122097015,-0.4444490596652031,0.1923979208804667,-6.209893822669983,-6.8287652134895325,3.730799362063408,5.789539277553558,2.0017466098070145,-2.4613867104053497,-2.0535781383514404,0.3780194870196283,-4.23123025894165
2.345524773001671,-2.2251353412866592,2.0320876985788345,0.0681331092491746,0.6236759275197983,-1.4650662709027529,1.594867791980505,-5.188611773774028,-6.613148897886276,4.095399051904678,5.678484946489334,2.5485441386699677,-0.9797915667295456,-1.627964414190501,0.3369398764334619,-4.3555053770542145
2.381780207157135,-2.511954754590988,2.992710828781128,0.7527340948581696,0.7992923557758331,-1.0808303281664848,1.5059584961272776,-5.74182003736496,-7.0696117877960205,3.469636093825102,5.85377436876297,1.6721921563148499,-1.2529880702495575,-2.0090317130088806,0.20234904205426574,-4.544864654541016
2.922999143600464,-0.6392852544784546,2.218833255767822,-0.47140491008758545,0.7772698163986206,-0.3949748694896698,0.7866849552839994,-5.212936621904373,-7.327933502197266,3.958000522851944,6.187537097930909,2.568029689788818,0.30717039108276367,-2.230756092071533,-0.8419914025813341,-3.8972280502319334
-1.2859710693359374,-0.4470153093338013,3.9330474615097044,0.15152343809604646,4.437973988056183,2.687516787648201,2.135590814985335,-4.9675473928451535,-7.0891927719116214,6.175567531585694,4.136774277687072,-2.195600652694702,0.11864879801869392,0.9653256654739379,0.5379403760656715,-3.7627346098423002
-1.9101080160874586,-0.20288210190259492,3.9999964787409854,0.18825052793209368,4.661610043965853,2.857411185136208,2.6473764268538127,-4.708257459677183,-7.1593349530146675,5.911002458861241,3.842351409105154,-2.357646135183481,0.18751758652237746,0.813878806737753,0.3142829163429829,-3.884470650782952
2.4514883011579514,-2.808374211192131,1.100166767835617,0.7063169330358505,-2.5846823304891586,-0.809755053371191,1.6360981159377843,-5.991554111242294,-7.192693412303925,0.8647401183843613,5.80152209388325,1.6824584379792213,-1.0018454529345036,2.3169387727975845,-0.17994219926185906,-2.2206264436244965
3.2169169783592224,-0.5681606829166412,2.0885215401649475,0.2355157434940338,1.7058947384357452,0.3379109501838684,0.40335804084315896,-4.866001740098,-7.474690675735474,2.8103272318840027,6.049030423164368,3.0469247102737427,-0.43601328134536743,-1.3339547887444496,0.8652126914821565,-3.806889235973358
2.0322011560201645,-1.2769103795289993,2.48120241984725,0.5163121297955513,1.331591285765171,0.040356315672397614,0.2202723459340632,-4.939722090959549,-6.17902284860611,3.4989185947924852,4.914526034146547,1.943702645599842,-0.8107410594820976,-1.1926971040666103,0.4625359154306352,-3.3116429671645164
2.0264886617660522,-1.3837988749146461,2.468224376440048,0.5191356912255287,1.314401845447719,-0.0011441782116889954,0.2548222974874079,-4.977771766483784,-6.137348935008049,3.548353161662817,4.861941400449723,1.9051325116306543,-0.880418648943305,-1.1912954300642014,0.3955104178749025,-3.3672117441892624
-1.2859710693359374,-0.4470153093338013,3.9330474615097044,0.15152343809604646,4.437973988056183,2.687516787648201,2.135590814985335,-4.9675473928451535,-7.0891927719116214,6.175567531585694,4.136774277687072,-2.195600652694702,0.11864879801869392,0.9653256654739379,0.5379403760656715,-3.7627346098423002
-1.9101080160874586,-0.20288210190259492,3.9999964787409854,0.18825052793209368,4.661610043965853,2.857411185136208,2.6473764268538127,-4.708257459677183,-7.1593349530146675,5.911002458861241,3.842351409105154,-2.357646135183481,0.18751758652237746,0.813878806737753,0.3142829163429829,-3.884470650782952
1.9358158045344882,-2.681668837865194,1.4681284030278523,-0.2088887459701962,-0.14516519175635445,0.293508294555876,-0.9119948121822543,-5.919801155726115,-7.961400720808241,4.011248641543919,4.863131295061773,1.655318260192871,-2.2262208461761475,-0.36168179247114396,0.5613824383666118,-4.445301718182034
1.6331415834526222,-5.625841832160949,1.235053286453088,0.8280710722009341,1.661331471800804,0.7392271384596825,-0.35740379070242245,-5.7547295719385145,-4.28323260769248,2.620001416405042,4.060630119840304,0.7228990922371547,-1.1453847765922547,-1.6931579238424699,3.861466259509325,-4.053779072376589
2.4514883011579514,-2.808374211192131,1.100166767835617,0.7063169330358505,-2.5846823304891586,-0.809755053371191,1.6360981159377843,-5.991554111242294,-7.192693412303925,0.8647401183843613,5.80152209388325,1.6824584379792213,-1.0018454529345036,2.3169387727975845,-0.17994219926185906,-2.2206264436244965
1.7537385001778603,-1.6377204656600952,2.0413688123226166,1.2450845539569855,-0.6034680306911469,0.05144316703081131,1.0866177664138377,-5.331089049577713,-6.270697891712189,2.7377023100852966,4.150628209114075,3.1393402814865112,-1.6242174208164215,-2.0146557092666626,1.224923504050821,-4.737401008605957
2.0698528811335564,-1.7852004431188107,2.1888082697987556,0.1890661446377635,0.7927133832126856,-0.9850120637565851,0.8733087610453367,-5.231669565662742,-6.288232849910855,3.9662472143536434,5.317506208084524,2.2270084377378225,-1.0172878578305244,-1.6770778819918633,0.1857470558024943,-3.74562843516469
2.381780207157135,-2.511954754590988,2.992710828781128,0.7527340948581696,0.7992923557758331,-1.0808303281664848,1.5059584961272776,-5.74182003736496,-7.0696117877960205,3.469636093825102,5.85377436876297,1.6721921563148499,-1.2529880702495575,-2.0090317130088806,0.20234904205426574,-4.544864654541016
3.0167816281318665,-1.5570130944252014,2.0470818877220154,0.5751674920320511,1.3407384753227234,-0.05326905474066734,0.29787798086181283,-5.537947781383991,-7.151727944612503,3.2705632969737053,5.919284850358963,2.5243356600403786,-1.4486999958753586,-1.693766463547945,0.6216160892508924,-4.019059747457504
4.707136227024926,-1.7830400632487402,1.3937464439206653,-0.12622312042448255,3.534327036804623,-1.8651453885767195,-0.9436639884693755,1.965884058839745,-6.334634727901882,3.644641160964966,2.4495707286728754,2.6294207870960236,-2.810737556881375,1.7871933645672269,1.1729386041147842,-2.1545030342208014
3.901491904258728,-1.3611243188381195,1.1679194897413254,-0.38077654540538786,0.49079491198062897,1.668908679485321,-0.6275253089144825,-6.170424158871174,-6.198946118354797,4.234518215805292,5.894041252136231,2.999382960796356,-0.43938395082950593,-3.4270225882530214,-0.0038971493020653726,-2.7642117381095885
2.0590575635433197,-2.1052973568439484,2.204093247652054,0.46250726468861103,0.47257938981056213,-1.7047574445605278,1.716244159732014,-5.546165287494659,-6.873850047588348,3.9109485745429993,5.716247498989105,2.427121341228485,-1.8504341542720795,-1.9733704328536987,0.483991218265146,-4.5075119733810425
2.381780207157135,-2.511954754590988,2.992710828781128,0.7527340948581696,0.7992923557758331,-1.0808303281664848,1.5059584961272776,-5.74182003736496,-7.0696117877960205,3.469636093825102,5.85377436876297,1.6721921563148499,-1.2529880702495575,-2.0090317130088806,0.20234904205426574,-4.544864654541016
2.8166462779045105,-2.5458655059337616,2.0056422352790833,0.9148192405700684,0.9755822122097015,-0.4444490596652031,0.1923979208804667,-6.209893822669983,-6.8287652134895325,3.730799362063408,5.789539277553558,2.0017466098070145,-2.4613867104053497,-2.0535781383514404,0.3780194870196283,-4.23123025894165
-1.2859710693359374,-0.4470153093338013,3.9330474615097044,0.15152343809604646,4.437973988056183,2.687516787648201,2.135590814985335,-4.9675473928451535,-7.0891927719116214,6.175567531585694,4.136774277687072,-2.195600652694702,0.11864879801869392,0.9653256654739379,0.5379403760656715,-3.7627346098423002
-1.9101080160874586,-0.20288210190259492,3.9999964787409854,0.18825052793209368,4.661610043965853,2.857411185136208,2.6473764268538127,-4.708257459677183,-7.1593349530146675,5.911002458861241,3.842351409105154,-2.357646135183481,0.18751758652237746,0.813878806737753,0.3142829163429829,-3.884470650782952
0.46322013934453327,-3.066248575846354,4.053454717000325,1.4749675889809926,-0.750257134437561,0.5244707614183426,0.537309456927081,-6.147432804107666,-6.034058252970378,1.5376657048861186,3.8595158935834966,0.10895238320032756,-0.11690352608760197,-0.9864886899789175,0.4703957124923666,-2.9311222434043884
1.3510833042008537,-3.586385130882263,1.8179239545549666,0.5814292218003955,-0.695060236113412,0.6343794273478645,0.13145728116588934,-5.843786563192095,-7.056197030203683,4.076731034687588,3.9581768086978366,1.0216366052627563,-2.675546612058367,-0.04110310758863177,0.20360595706318105,-4.299711772373745
1.1680235522133964,-1.569902306156499,2.2214179975645885,-0.18595079758337565,-0.36186098200934275,0.24767552529062545,2.2997615882860765,-2.8118094376155307,-5.884884919439044,0.9949274744306292,3.759691902569362,4.229839188711984,0.9810324236750603,-1.3968300989695959,0.9670886894954103,-2.669622012547084
3.4151824197985907,-0.005094316534020684,3.748702283609997,0.1036137430505319,-0.004622654650699009,0.7690189230171117,-0.010389477522535757,-1.9695438146591187,-6.469530403614044,4.314726899970662,5.639284606599673,0.04789621450684287,0.9197098057378422,1.0386122610758652,-1.6981742505661466,-1.5038201615891673
3.1461475754893105,-0.8312978274946989,3.780384665311769,0.3505755655987318,0.6576820319994937,0.7904908223900684,-0.5479860180599052,-2.15493690413098,-6.242035488749659,4.227890857430392,5.03393449270448,0.34717949661751124,0.6114681631673214,0.7343742694965628,-1.106923853631976,-2.0640861949948377
5.9579276913090755,0.41932920641020727,3.4781021444421065,-0.838447021810632,2.2074868492782116,3.0038355808509025,-1.6236905646755506,0.0975599822245146,-5.730129376838081,6.418150130071138,5.574210278297725,-0.9354817028108396,1.033331047547491,-1.472964714232244,-2.308102553318206,-0.6959077025714674
4.810419162114461,0.18324357767899832,4.076399425665538,-0.23716739813486734,0.967630283596615,2.142697535455227,-0.7252710764296353,-0.5558284173409144,-6.102081835269928,5.431165138880412,5.60161783049504,-0.6074383864179254,1.311563474436601,0.0959025224049886,-2.3380046295933425,-0.8864274149139723
5.027380246382493,0.23286941418280968,3.970805828387921,-0.42035218385549694,1.2396961143956735,2.3143412539592156,-0.9646218285824244,-0.4407993463369516,-6.049293793164766,5.693270096412072,5.670781188286268,-0.6644995221151755,1.2414396359370306,-0.3100122671860915,-2.2999091889136114,-0.8551343748202691
5.639976249021642,0.3729894231347477,3.672659200780532,-0.9375798141255098,2.007881989593015,2.79898234149989,-1.6404357170138288,-0.11601138114929199,-5.90024520369137,6.433331152972053,5.866065963226206,-0.8256133170250584,1.043442915467655,-1.4561246142667883,-2.1923455917002523,-0.7667775557321661
5.188526968161265,0.06553933769464493,3.1912464996178946,-1.0906890630722046,1.9521086894286175,1.9874080133934815,-1.7442716949153692,-1.566770263016224,-6.445646673440933,6.280831217765808,6.139629531651735,-0.026829074292133253,0.6217407522102197,-1.6759316126505535,-1.57187810082299,-1.4633095872898896
4.545793734098735,-0.13520806086690804,3.3195527729235197,-0.6886152342746132,1.2804304277034182,1.3593401548109556,-1.1935982318889153,-2.2263280968917045,-6.716649143319381,5.607752699601023,6.044600071091401,0.3211719983894574,0.6801057991228605,-0.7535478943272641,-1.5005923639982939,-1.7221758224462207
4.281192302703857,-0.10111168225606283,3.5272017161051434,-0.3516239325205485,0.8808237843215465,1.2762155870596568,-1.0018262469520172,-2.1955793460210162,-6.872153584162394,5.11192086537679,5.909647923707962,0.14055199548602104,0.674240752061208,0.006100304921468099,-1.5431685294955968,-1.7000136911869048
3.7520103683838477,-0.6462555986184341,4.023225197425256,-0.32570937963632435,0.6164693250679053,1.2863027109549596,-0.5489176149265125,-1.828970886193789,-6.804924873205332,4.818275231581468,5.473207416442724,-0.25301685786018,0.9724213962371533,0.9884530580960788,-1.422444408472914,-1.279434302678475
4.982019444306691,0.18071656301617622,3.9298468430836997,0.1999578227599462,0.8675706290329496,2.204534575343132,-0.33269206232701737,-0.39360057314236957,-5.913466428716977,5.0062621136506396,5.033733742932479,-0.6941266916692257,1.4028012404839199,0.6900498854617277,-2.579550100645671,-0.8220767577489217
5.360432846205575,0.27323983290365766,3.7546805313655307,-0.20268895370619638,1.387129979740296,2.5144676182951247,-0.833283318339714,-0.2031505618776594,-5.842376551457813,5.553728895527976,5.243306277053697,-0.7877133286425045,1.2595372881208147,-0.14867006135838373,-2.4742949292329803,-0.7731540628841945
5.308410277733436,0.23848295125823754,3.8556806399272037,0.018957816637479342,1.2270958208693907,2.418844372034073,-0.5885017197579145,-0.24870254901739267,-5.914722736065205,5.403914139820979,5.1854603991199,-0.7118514363582318,1.323566849415119,0.28308927095853365,-2.6323162691237836,-0.7743711792505704
5.474303347723825,0.28061841561325956,3.773395070007869,-0.16943699972970144,1.4611951253776039,2.558503050889288,-0.8205252293763416,-0.16382740225110734,-5.879088061196463,5.649243814604623,5.2794090478814075,-0.7573787016527993,1.2575944725956236,-0.10720208712986537,-2.575919671383287,-0.7533173731395176
6.041832271375154,0.42476605682780866,3.491891804494356,-0.8139455820384779,2.262061167116228,3.0362827417097593,-1.6142898675446447,0.12653494194934242,-5.757179962961297,6.488529544127615,5.600812319960249,-0.9131298723973726,1.031899499265771,-1.4424093648007041,-2.3829839422710632,-0.6812911943385476
5.911999905109406,0.3358018333092332,3.4362000048160555,-0.837553083896637,2.2016293385997416,2.83287103921175,-1.5330081489868461,-0.16093287169933318,-5.811879849433899,6.468888795375824,5.650801692251116,-0.7001620203256607,1.0305168181657791,-1.4714622735977172,-2.305789724458009,-0.8037741214036942
5.121806998901508,0.3154082208433572,4.243648292387233,1.0988791584968567,0.620109044453677,1.651415863457848,-0.09936763904988766,0.734995375661289,-5.128247004221468,5.081739138592692,4.92937699760146,-1.0216508735628689,1.4157799797899582,1.412914001766373,-2.977148570229902,-1.1846330761909485
4.435793175841823,0.039727124187982445,4.127844163865754,0.1314461940165722,0.7698569531467828,1.7993939257029332,-0.6813705338334496,-0.6399008658799258,-5.961333155632019,5.041947330489303,5.439305441849159,-0.4701273072172295,1.285889714843396,0.4084566533565521,-2.317723569488435,-1.199751387717146
4.103812033130277,-0.10149674670350167,4.141645746846353,0.47080340404664317,0.6606566058772225,1.483772699871371,-0.7321783011598934,-0.6865833747771478,-5.780286435158022,4.712422851593264,5.285053507935617,-0.3390275327669036,1.2274964410931832,0.5911180184733483,-2.2788500910204266,-1.5403813724556277
5.639976249021642,0.3729894231347477,3.672659200780532,-0.9375798141255098,2.007881989593015,2.79898234149989,-1.6404357170138288,-0.11601138114929199,-5.90024520369137,6.433331152972053,5.866065963226206,-0.8256133170250584,1.043442915467655,-1.4561246142667883,-2.1923455917002523,-0.7667775557321661
5.188526968161265,0.06553933769464493,3.1912464996178946,-1.0906890630722046,1.9521086894286175,1.9874080133934815,-1.7442716949153692,-1.566770263016224,-6.445646673440933,6.280831217765808,6.139629531651735,-0.026829074292133253,0.6217407522102197,-1.6759316126505535,-1.57187810082299,-1.4633095872898896
4.545793734098735,-0.13520806086690804,3.3195527729235197,-0.6886152342746132,1.2804304277034182,1.3593401548109556,-1.1935982318889153,-2.2263280968917045,-6.716649143319381,5.607752699601023,6.044600071091401,0.3211719983894574,0.6801057991228605,-0.7535478943272641,-1.5005923639982939,-1.7221758224462207
4.281192302703857,-0.10111168225606283,3.5272017161051434,-0.3516239325205485,0.8808237843215465,1.2762155870596568,-1.0018262469520172,-2.1955793460210162,-6.872153584162394,5.11192086537679,5.909647923707962,0.14055199548602104,0.674240752061208,0.006100304921468099,-1.5431685294955968,-1.7000136911869048
3.7520103683838477,-0.6462555986184341,4.023225197425256,-0.32570937963632435,0.6164693250679053,1.2863027109549596,-0.5489176149265125,-1.828970886193789,-6.804924873205332,4.818275231581468,5.473207416442724,-0.25301685786018,0.9724213962371533,0.9884530580960788,-1.422444408472914,-1.279434302678475
5.308410277733436,0.23848295125823754,3.8556806399272037,0.018957816637479342,1.2270958208693907,2.418844372034073,-0.5885017197579145,-0.24870254901739267,-5.914722736065205,5.403914139820979,5.1854603991199,-0.7118514363582318,1.323566849415119,0.28308927095853365,-2.6323162691237836,-0.7743711792505704
5.474303347723825,0.28061841561325956,3.773395070007869,-0.16943699972970144,1.4611951253776039,2.558503050889288,-0.8205252293763416,-0.16382740225110734,-5.879088061196463,5.649243814604623,5.2794090478814075,-0.7573787016527993,1.2575944725956236,-0.10720208712986537,-2.575919671383287,-0.7533173731395176
6.041832271375154,0.42476605682780866,3.491891804494356,-0.8139455820384779,2.262061167116228,3.0362827417097593,-1.6142898675446447,0.12653494194934242,-5.757179962961297,6.488529544127615,5.600812319960249,-0.9131298723973726,1.031899499265771,-1.4424093648007041,-2.3829839422710632,-0.6812911943385476
5.911999905109406,0.3358018333092332,3.4362000048160555,-0.837553083896637,2.2016293385997416,2.83287103921175,-1.5330081489868461,-0.16093287169933318,-5.811879849433899,6.468888795375824,5.650801692251116,-0.7001620203256607,1.0305168181657791,-1.4714622735977172,-2.305789724458009,-0.8037741214036942
5.121806998901508,0.3154082208433572,4.243648292387233,1.0988791584968567,0.620109044453677,1.651415863457848,-0.09936763904988766,0.734995375661289,-5.128247004221468,5.081739138592692,4.92937699760146,-1.0216508735628689,1.4157799797899582,1.412914001766373,-2.977148570229902,-1.1846330761909485
2.7231296648581824,0.15536605970313153,3.25356545795997,0.4387696186701457,-0.21899694972671568,0.7318406589329243,0.4087953665293753,-0.585313099126021,-4.490914665162563,3.226671346773704,3.9277616081138453,-0.3957677024106185,1.1412836331874132,1.3404456364611785,-1.8039789968170226,-0.6613934822380543
2.6996358012159667,0.14332875330001116,3.248595854577919,0.429588350156943,-0.21223966707475483,0.7362899792691072,0.40004018958037096,-0.5954952836036682,-4.479455211510261,3.223756540566683,3.9351986460387707,-0.3770252224057913,1.1357522308826447,1.3307672434796889,-1.8083785010191302,-0.6740671408673128
2.7231296648581824,0.15536605970313153,3.25356545795997,0.4387696186701457,-0.21899694972671568,0.7318406589329243,0.4087953665293753,-0.585313099126021,-4.490914665162563,3.226671346773704,3.9277616081138453,-0.3957677024106185,1.1412836331874132,1.3404456364611785,-1.8039789968170226,-0.6613934822380543
3.130675979140328,0.4411687716307891,2.9993147824595616,1.2246493564509764,0.3931357720639648,-0.23939002032687023,-0.5504310551303916,-1.3807532350282843,-4.144303455312804,4.740479854912293,4.41736427676387,-0.22537803990630115,0.11770634480365892,0.8417394344763058,-1.289502955206511,-2.070322058731463
3.7066960394382478,0.47170681357383726,3.3974907994270325,1.795945155620575,1.5970461804419755,-0.2371941439807415,-0.48395924624055625,-0.42564603090286257,-4.039102494716644,4.450721275806427,4.269642530381679,-0.6897752061486244,0.031488162279129026,1.700182557106018,-0.643070406652987,-1.725313013792038
3.7066960394382478,0.47170681357383726,3.3974907994270325,1.795945155620575,1.5970461804419755,-0.2371941439807415,-0.48395924624055625,-0.42564603090286257,-4.039102494716644,4.450721275806427,4.269642530381679,-0.6897752061486244,0.031488162279129026,1.700182557106018,-0.643070406652987,-1.725313013792038
3.9187772063648,-0.3093284201972625,3.1327811788913666,-0.08194992844672765,1.2607917046430064,1.459853123289113,-0.7900744062282291,-2.1274937201364366,-5.773184653590707,4.902756674616945,5.202155948123512,0.46524405475778907,0.27053733422037435,-0.871578046504189,-1.3295642629850144,-1.6881777363664963
4.074219993182591,-0.0392668183360781,3.403299020816173,-0.08181068801454135,0.9345037138887814,1.3719692281314304,-0.7294131237481322,-1.5462549754551478,-6.145953444072179,4.800301591839109,5.3333765493971965,0.33629326352051325,0.5232476881572179,-0.2556301236152649,-1.8499357639678886,-1.5197065830230714
3.5509391587854613,-0.02743149250008092,3.8882768856232413,0.43974174275109085,1.7877628201305276,1.9679579095970285,-0.28499762959188163,-0.9299796902307189,-5.830297249378544,4.922798560102387,4.65100800361263,-0.8001590760627596,1.1227738199626456,0.593237043607353,-2.296922361736398,-1.6848030763097328
4.026949561339744,-0.13228642084497086,3.1237801994652825,-0.3046034090220928,1.304562470380296,1.3678091063382143,-0.9974062681752951,-1.7848453483682998,-5.990789510230434,4.811372823537664,5.243374611310502,0.40530199097826125,0.39379864059230113,-0.8077879660624139,-1.5296882167062227,-1.5488680258710334
2.384549551514479,-0.47526754037692,3.327259349450469,-0.2095886709025273,2.1752888854378116,1.5200390422000334,-0.019735458980386075,-2.974943639223392,-6.394469974591182,5.005063423743615,4.904762238264084,0.01140513511804434,0.3028720473440794,-0.44013492069565335,-0.9828614779103261,-2.2337785915113413
3.711710888147354,0.697766125202179,3.1668470192700626,1.9165442915633322,0.7646974269300699,-0.3501558393239975,-0.24539914187043904,-0.5062184110283852,-4.250575268268586,4.329657280445099,4.175568103790283,-0.03814297169446945,0.12827922105789186,1.8312052711844444,-1.8889296369627118,-2.14181394726038
3.553261334245855,0.5435485623099587,3.143948191946203,1.6627812277187,0.5671020654792135,-0.43200240284204483,-0.22002971121533352,-0.8450928736816753,-4.568944443355907,4.35862765528939,4.407780853184787,0.44177249751307746,0.0857369141145186,1.4104987382888794,-1.923958963460543,-2.3580773256041785
4.770174417181394,0.5623290460204604,3.6176469186552573,1.1412993635963742,0.848835687565418,1.5215282674174553,-1.1884116569617347,0.5734304075513906,-4.807392628483512,4.677534882257234,4.4942354633964,-0.9866718805825977,1.4132295722021393,1.7672623204651163,-3.151125458351786,-1.2315946885602391
4.14791109485011,-0.015069840896514154,3.48144010856988,0.13231042039490515,0.8113895359058534,1.4599514618035285,-0.5638677227280794,-1.450213688035165,-5.944517450947916,4.824752273098115,5.292709072270701,0.20185111655342963,0.652488919035081,-0.01229526246747663,-1.9702312932499955,-1.4974587636609231
3.5796018061430557,-0.5322612067279608,3.407515613929085,0.3115706432448781,0.9754383831244448,1.1916558224221934,-0.16323115093552548,-2.784821629524231,-6.454253922338071,4.462188858052959,5.136987296135529,0.7946668429219205,0.17050152110016864,-0.04444723479125811,-1.1918032276241675,-2.0450205815875013
5.520146318844387,0.28904696287853376,3.7662611859185353,-0.25384205766022205,1.44954019492226,2.6289551790271486,-0.8256851608998009,-0.20301076769828796,-5.956365415028164,5.747072696685791,5.344902760216168,-0.7612155026623181,1.3106353368077959,-0.134247824549675,-2.5930940260046293,-0.7929001556975501
6.075611302727147,0.43097656533906337,3.486635258323268,-0.8761387826188615,2.2534733236228166,3.0881948361271307,-1.6180919223514043,0.09766298846194618,-5.814121171047813,6.560613983555844,5.649070844838493,-0.9159569889307022,1.0709822413168455,-1.4623378028995113,-2.395638729886789,-0.710457455170782
5.520146318844387,0.28904696287853376,3.7662611859185353,-0.25384205766022205,1.44954019492226,2.6289551790271486,-0.8256851608998009,-0.20301076769828796,-5.956365415028164,5.747072696685791,5.344902760216168,-0.7612155026623181,1.3106353368077959,-0.134247824549675,-2.5930940260046293,-0.7929001556975501
6.075611302727147,0.43097656533906337,3.486635258323268,-0.8761387826188615,2.2534733236228166,3.0881948361271307,-1.6180919223514043,0.09766298846194618,-5.814121171047813,6.560613983555844,5.649070844838493,-0.9159569889307022,1.0709822413168455,-1.4623378028995113,-2.395638729886789,-0.710457455170782
5.520146318844387,0.28904696287853376,3.7662611859185353,-0.25384205766022205,1.44954019492226,2.6289551790271486,-0.8256851608998009,-0.20301076769828796,-5.956365415028164,5.747072696685791,5.344902760216168,-0.7612155026623181,1.3106353368077959,-0.134247824549675,-2.5930940260046293,-0.7929001556975501
6.075611302727147,0.43097656533906337,3.486635258323268,-0.8761387826188615,2.2534733236228166,3.0881948361271307,-1.6180919223514043,0.09766298846194618,-5.814121171047813,6.560613983555844,5.649070844838493,-0.9159569889307022,1.0709822413168455,-1.4623378028995113,-2.395638729886789,-0.710457455170782
3.5042264348827303,-0.7210930766537785,2.8958851036499254,-0.1536573858000338,1.4723564124433324,1.2140401119366289,-0.6800481267739087,-2.7868661891669033,-6.095288979855832,4.8836145624518394,5.2543302400968965,0.8098568227142096,-0.029980599647387862,-0.818651698413305,-0.6792789814993739,-2.310326236113906
4.395081523692969,0.2500207627361471,3.9805252606218513,1.3535331760843594,0.15922202282782758,0.9852254779049845,0.20823386356686102,0.2881201252792821,-4.80511237635757,4.16416614705866,4.275781899577741,-0.7792856864856951,1.5808172198859127,1.9102553124680663,-3.046279011463577,-1.3057612894159374
4.395530139305154,0.2587707530783147,3.995183746425473,1.3729551102281834,0.15078404637015597,1.005914135550966,0.2128224097268314,0.35224020846036014,-4.783124579002663,4.135003819149368,4.2564940497051085,-0.8235827085314965,1.5940850754933698,1.9563509881192325,-3.066263714605676,-1.2866761553652433
5.020191537757074,0.3077792520484617,3.872541222841509,0.5398728100042189,0.8681857460929502,1.8683807042337233,-0.3847316326873918,0.18865774908373434,-5.310835459299626,4.9959241863219965,4.79673308224207,-0.8582063110605362,1.433637793266004,0.8272048227729336,-2.8362142780585393,-1.0186973281445042
4.401660203933716,0.2853477275930345,4.017429389059544,1.4172584547195584,0.13242708006873727,1.050574028864503,0.21981403639074415,0.47288795933127403,-4.7395134484395385,4.080155374482274,4.209260111558251,-0.9107691887766123,1.614414895651862,2.040619421284646,-3.1117003861581907,-1.2460748981684446
4.268182754516602,-0.14220276096109616,3.080898461168853,-0.47783792643981465,1.5931071035437665,1.6223232302246458,-1.2288632489172584,-1.794498151389219,-5.91891932386463,5.1502479653237225,5.3382007392533755,0.35139217919085997,0.3170092125123335,-1.3187153096926414,-1.3908319698362532,-1.4946222699294656
1.5840754747390746,0.7192788243293762,2.2120896577835083,1.1259970963001251,-0.5215807031840086,-0.7332042023539543,-2.2757429575547574,-0.8941379830241203,-2.1587562680244448,3.6201261382550003,1.8251412630081176,-1.009741486608982,0.2302763856947422,1.2833566561341285,1.1086796572431923,-1.2898080587387084
5.520146318844387,0.28904696287853376,3.7662611859185353,-0.25384205766022205,1.44954019492226,2.6289551790271486,-0.8256851608998009,-0.20301076769828796,-5.956365415028164,5.747072696685791,5.344902760216168,-0.7612155026623181,1.3106353368077959,-0.134247824549675,-2.5930940260046293,-0.7929001556975501
6.075611302727147,0.43097656533906337,3.486635258323268,-0.8761387826188615,2.2534733236228166,3.0881948361271307,-1.6180919223514043,0.09766298846194618,-5.814121171047813,6.560613983555844,5.649070844838493,-0.9159569889307022,1.0709822413168455,-1.4623378028995113,-2.395638729886789,-0.710457455170782
2.9524840875750495,-1.1237661228293465,3.667250355528224,2.077436096611477,-0.33824120672597063,-0.5398598226408163,0.32876837539619636,-2.7440064169821285,-4.7759609417546365,3.6300908970158723,4.403589236860474,-0.04771883058406058,0.49295940072763533,0.35612719293151585,-1.978830497711897,-3.1813809972788607
4.554010607979515,0.1245948618108576,4.201191858811812,-0.020676287737759678,0.6460979381068186,1.9398458681323312,-0.4424020057036118,-0.6917718648910522,-6.164467703212392,5.1214047345248135,5.51987931674177,-0.5400024987757206,1.3944371017542752,0.5756200010126288,-2.383026514033025,-0.9234100986610759
5.027380246382493,0.23286941418280968,3.970805828387921,-0.42035218385549694,1.2396961143956735,2.3143412539592156,-0.9646218285824244,-0.4407993463369516,-6.049293793164766,5.693270096412072,5.670781188286268,-0.6644995221151755,1.2414396359370306,-0.3100122671860915,-2.2999091889136114,-0.8551343748202691
5.639976249021642,0.3729894231347477,3.672659200780532,-0.9375798141255098,2.007881989593015,2.79898234149989,-1.6404357170138288,-0.11601138114929199,-5.90024520369137,6.433331152972053,5.866065963226206,-0.8256133170250584,1.043442915467655,-1.4561246142667883,-2.1923455917002523,-0.7667775557321661
5.188526968161265,0.06553933769464493,3.1912464996178946,-1.0906890630722046,1.9521086894286175,1.9874080133934815,-1.7442716949153692,-1.566770263016224,-6.445646673440933,6.280831217765808,6.139629531651735,-0.026829074292133253,0.6217407522102197,-1.6759316126505535,-1.57187810082299,-1.4633095872898896
4.545793734098735,-0.13520806086690804,3.3195527729235197,-0.6886152342746132,1.2804304277034182,1.3593401548109556,-1.1935982318889153,-2.2263280968917045,-6.716649143319381,5.607752699601023,6.044600071091401,0.3211719983894574,0.6801057991228605,-0.7535478943272641,-1.5005923639982939,-1.7221758224462207
4.281192302703857,-0.10111168225606283,3.5272017161051434,-0.3516239325205485,0.8808237843215465,1.2762155870596568,-1.0018262469520172,-2.1955793460210162,-6.872153584162394,5.11192086537679,5.909647923707962,0.14055199548602104,0.674240752061208,0.006100304921468099,-1.5431685294955968,-1.7000136911869048
3.7520103683838477,-0.6462555986184341,4.023225197425256,-0.32570937963632435,0.6164693250679053,1.2863027109549596,-0.5489176149265125,-1.828970886193789,-6.804924873205332,4.818275231581468,5.473207416442724,-0.25301685786018,0.9724213962371533,0.9884530580960788,-1.422444408472914,-1.279434302678475
5.114868362744649,0.18932490951071182,3.951680471499761,0.23875176906585693,0.9539799656098088,2.255909246702989,-0.317807625203083,-0.3477235535780589,-5.956296523412068,5.117696185906728,5.075853642231475,-0.6587362935145696,1.4005346223711967,0.7384291887283325,-2.698112299821029,-0.7989339530467987
5.474303347723825,0.28061841561325956,3.773395070007869,-0.16943699972970144,1.4611951253776039,2.558503050889288,-0.8205252293763416,-0.16382740225110734,-5.879088061196463,5.649243814604623,5.2794090478814075,-0.7573787016527993,1.2575944725956236,-0.10720208712986537,-2.575919671383287,-0.7533173731395176
6.041832271375154,0.42476605682780866,3.491891804494356,-0.8139455820384779,2.262061167116228,3.0362827417097593,-1.6142898675446447,0.12653494194934242,-5.757179962961297,6.488529544127615,5.600812319960249,-0.9131298723973726,1.031899499265771,-1.4424093648007041,-2.3829839422710632,-0.6812911943385476
5.911999905109406,0.3358018333092332,3.4362000048160555,-0.837553083896637,2.2016293385997416,2.83287103921175,-1.5330081489868461,-0.16093287169933318,-5.811879849433899,6.468888795375824,5.650801692251116,-0.7001620203256607,1.0305168181657791,-1.4714622735977172,-2.305789724458009,-0.8037741214036942
5.121806998901508,0.3154082208433572,4.243648292387233,1.0988791584968567,0.620109044453677,1.651415863457848,-0.09936763904988766,0.734995375661289,-5.128247004221468,5.081739138592692,4.92937699760146,-1.0216508735628689,1.4157799797899582,1.412914001766373,-2.977148570229902,-1.1846330761909485
4.451171562223151,-0.15557278654916157,3.664164432259922,0.705981759806302,1.119545548158412,1.5022402480060215,-0.5722876253041052,-0.7323544313116829,-5.419252947415456,4.910311238895549,4.946651954959967,-0.1788219408233567,0.864259030415197,0.3138420470058918,-2.21670045208481,-1.7789927939377208
4.1452587106070675,-0.18185499826302895,3.635647246962065,0.678872769678032,0.9709539950139575,1.2437039259002431,-0.5318497547081539,-0.9525043071953805,-5.535446046800404,4.607383014409097,4.904322364623402,-0.008472334061350142,0.7376424604399989,0.38462761955356206,-2.060725630660142,-1.8150491524528671
4.289183113208184,0.060635507565278274,3.966436401926554,1.381617141314424,0.505691558179947,0.9855685976548837,-0.17625320926308632,-0.13997313403166256,-5.084743606356474,4.51362031514828,4.699057156764544,-0.38895482140091747,0.9830669821365379,1.4812304144868484,-2.560295133951765,-1.767945660536106
4.5330536684187335,-0.09793205109268131,3.6920234609653453,0.6568547004077694,1.1636423972426075,1.5372070171639767,-0.6632498917308184,-0.6547879179810533,-5.480929549967889,4.9155619238862895,4.96455244282906,-0.20889155787996727,0.8838440540677748,0.2767127625791743,-2.235956524249793,-1.7239346161927327
4.555155194231442,0.23670033285660402,3.433688980061561,0.18637605397296803,0.9333867224465523,1.3825701735913754,-1.0598864105663128,-0.8654109346015113,-5.568027172769819,4.973428270646504,5.101597046213491,-0.03609466356491404,0.8197910375893116,0.04359558543988636,-2.113998471094029,-1.34340530953237
4.501507646159122,0.12503160536289215,4.121954930456061,0.6532646278409582,0.3573550130975874,1.6806671172380447,-0.16991618334462769,-0.29505593525735957,-5.810550288150185,4.580722852757103,5.04667334572265,-0.577733722956557,1.5600154227332066,1.3848816015218433,-2.9336007608002737,-1.1849765683475293
5.070180636385213,0.1707403781297414,3.823131111976893,0.37846635265842726,1.1193838760904644,2.173273380683816,-0.6882197550781395,-0.04529593888994144,-5.580830011678779,5.081038935028988,4.938635574167837,-0.7023678545070731,1.3970221177391384,0.5870669069497482,-2.7842566690043262,-1.0505584633868674
6.075611302727147,0.43097656533906337,3.486635258323268,-0.8761387826188615,2.2534733236228166,3.0881948361271307,-1.6180919223514043,0.09766298846194618,-5.814121171047813,6.560613983555844,5.649070844838493,-0.9159569889307022,1.0709822413168455,-1.4623378028995113,-2.395638729886789,-0.710457455170782
4.30587219155353,-0.3370870102358901,3.360312855761984,-0.1634187139570713,1.3539652651094871,1.8507632522479347,-0.7207566714319198,-1.4975769208825154,-6.0815207958221436,5.599436013594918,5.2559234046417735,0.24963045962478803,0.4290384248546932,-0.34496975592944934,-1.2817226556818122,-1.935534242702567
3.9696315908804536,0.06317160348407924,3.5179967323783785,1.2615730249672197,0.5482076465850696,0.7281741461483762,-0.36340920021757483,-0.7574765989556909,-4.847607358824462,4.419206228572875,4.431676701002289,-0.16802765618194826,0.7276790489704581,1.3239584531402215,-2.1664908076636493,-1.7778840083628893
4.94448260827498,0.14195628396489404,4.056055329062722,0.39108363911509514,0.6163731342689558,2.153015898032622,-0.004463608122684739,-0.5146181149916216,-6.1037821769714355,4.9039480902931905,5.029674017971212,-0.6008470532569018,1.559003090316599,1.2421363348310643,-2.797729514708573,-0.8783407726071097
4.94448260827498,0.14195628396489404,4.056055329062722,0.39108363911509514,0.6163731342689558,2.153015898032622,-0.004463608122684739,-0.5146181149916216,-6.1037821769714355,4.9039480902931905,5.029674017971212,-0.6008470532569018,1.559003090316599,1.2421363348310643,-2.797729514708573,-0.8783407726071097
4.623115616700342,-0.0603199829497645,3.658350461898672,0.638027006279557,1.2635114945831798,1.6181923158226474,-0.6738446015909675,-0.42610919187145846,-5.2109987504156905,5.11648139676019,4.987582206365563,-0.39300457388162613,0.8322497476493159,0.07980251492511842,-2.2231281871396686,-1.7149089726228868
4.94448260827498,0.14195628396489404,4.056055329062722,0.39108363911509514,0.6163731342689558,2.153015898032622,-0.004463608122684739,-0.5146181149916216,-6.1037821769714355,4.9039480902931905,5.029674017971212,-0.6008470532569018,1.559003090316599,1.2421363348310643,-2.797729514708573,-0.8783407726071097
4.94448260827498,0.14195628396489404,4.056055329062722,0.39108363911509514,0.6163731342689558,2.153015898032622,-0.004463608122684739,-0.5146181149916216,-6.1037821769714355,4.9039480902931905,5.029674017971212,-0.6008470532569018,1.559003090316599,1.2421363348310643,-2.797729514708573,-0.8783407726071097
3.6253211226152335,-0.5905668097345725,3.0715673627007916,-0.04222142356245414,0.8703785857752614,0.9341606786069663,-0.07946920443488203,-2.700844444658445,-6.024250068094419,4.560427975395451,5.035888100123924,0.9351083105025084,0.6887572310540987,-0.20818509614985922,-1.438986700999996,-1.8463945596114448
3.856123075673455,-0.47029778322106913,3.2709676618932892,0.1070348473363801,0.8296478055417538,1.2267311587929726,-0.03869332382945638,-2.2929386104408063,-6.018674419114464,4.6264204931886574,5.012878541491534,0.5380425217904543,0.809638397474038,0.14817089312954954,-1.689997773519472,-1.6955500088239972
