-0.34919090760059845,-0.8374392760869784,2.2757217532549148,0.6840090381029325,1.2780880263218513,0.9055093618539664,0.0760440373649964,-4.295461111534864,-4.741043521807744,4.45153157833295,3.5646951088968377,0.048885115828269564,-0.8828396022510834,-0.4254659719956227,0.5134740125698348,-3.254192290397791
1.592897929251194,-1.6033198777586222,1.400455042719841,-0.13114500045776367,-0.6584407389163971,1.6333632953464985,-0.2091266072820872,-5.025235909968615,-7.625958025455475,3.6146328449249268,5.05216509103775,2.1325399577617645,-2.1614461541175842,-1.0473574548959732,0.3020382660906762,-4.138158366084099
-0.44747264721454716,-0.8387661121594601,2.302521770581221,0.630273760511325,1.4194291501473157,0.8643503250219883,0.035761574331002355,-4.300929596217779,-4.737968674072852,4.391122874541161,3.6448868189532404,-0.011107571996175326,-0.7801692750400457,-0.4240656739626175,0.654161285668707,-3.2165675041003103
1.592897929251194,-1.6033198777586222,1.400455042719841,-0.13114500045776367,-0.6584407389163971,1.6333632953464985,-0.2091266072820872,-5.025235909968615,-7.625958025455475,3.6146328449249268,5.05216509103775,2.1325399577617645,-2.1614461541175842,-1.0473574548959732,0.3020382660906762,-4.138158366084099
-0.0730719619159457,-0.4872468762759921,1.8144357136533231,0.8504621796309948,0.4949988207862347,0.09008331992958166,-0.6122285092037313,-3.935216796077505,-3.0802014854889883,4.0376195379450355,3.4256752966962094,0.7619783533147618,-0.630604754850457,-1.0200331788274306,1.0155895839185938,-2.3825427184376538
0.32169832785924274,-0.8358518525958061,1.5908094306786855,0.7916182418664296,-0.14457667569319407,0.06639902989069621,-0.6644991186757883,-4.02677853628993,-4.030885469913483,3.6022075057029723,3.385211560782045,1.337987923125426,-1.2519994954268137,-1.0312243153651555,0.5436890450151016,-2.899742873509725
1.637024226513776,-2.359400186349045,1.853274936025793,0.2457733696157282,-0.25288957357406616,0.767674754966389,0.14196076481179756,-5.482173157009211,-7.429162177172574,3.9273732142014937,4.624388651414351,1.6735938269306312,-2.2159638838334517,-0.5959619392048229,0.1376971070739356,-4.16617874936624
-0.29005313575267794,-0.6347857546806336,1.162469172477722,1.2611873498558999,-0.7184783232212066,-0.2588107270002365,-0.8591720753535629,-3.371990106403828,-2.8685164406895636,2.9429470133781432,3.352055972404778,0.6881983077526093,-1.1138244646787643,-0.17587572693824768,0.4959136953018606,-2.341632742881775
-0.36606839947545755,-0.8491320357693789,2.771921121264593,0.8243905916236914,0.8730748500674963,0.48919100128114223,-0.08180866107487908,-2.8632843734409947,-3.352838056950042,3.813629943304337,2.4054446869637243,0.35282354540406513,-0.5421424142013376,-0.8755066320300102,1.0125097192850752,-2.299270346474189
-0.35860636423382425,-0.6818177272140494,2.4527035099454224,1.0570788297640241,0.1201667165302712,-0.10594621648930985,-0.72679011495379,-2.52789223437076,-2.4013119744460867,3.329695108630087,1.8256839718770883,0.6830983461771646,-0.37518433781097765,-0.7624089417817153,1.0512370681617935,-2.0857297706863154
0.013818441525749538,-0.5619403603284255,1.8111784995897957,0.9766444055282552,0.1966736711885618,-0.3851907233829084,-0.7888041531424159,-3.710058357728564,-3.1078440125869666,3.73133318832792,2.8531596617287267,1.0596252451448336,-0.8581130611507789,-1.1637011607703955,0.4726976717255362,-2.47792862938798
0.07533406652510166,-1.8893148973584175,5.235152140259743,0.031840233132243156,3.4656160473823547,2.4048960022628307,0.8044310838449746,-4.291695434600115,-8.423596829175949,4.90432433784008,3.8419684637337923,-1.3798904865980148,-0.7119536506943405,0.45471951365470886,1.2532748717349023,-3.000619277358055
-0.22263402491807938,-1.8645602241158485,5.237445026636124,0.13001828268170357,3.1392830908298492,2.3425097726285458,0.5989364751148969,-4.032980777323246,-8.138127624988556,4.848198592662811,3.9295411109924316,-1.5899719893932343,-0.8246187227778137,0.923334077000618,1.4007605228107423,-2.8705327436327934
-0.6920170537876279,-0.5621587845046868,2.082297571882438,0.8666167565610972,1.1428561942296083,0.3719086426864849,-0.29036358595312983,-3.7728536431625317,-3.485041174493479,4.266463548949595,2.8820824326915937,-0.005162508718753129,-0.7862921102244532,-0.6443229050197629,0.7829505581215149,-2.64546884294976
-0.7555204758356358,-0.609620891083246,1.9922985711573868,0.9101886548016264,1.0672893320349441,0.22722038678054152,-0.44742219277454176,-3.835920171619489,-3.2800592405015023,4.251897714603906,2.8652163218310767,-0.08054916629160958,-0.6916071994808214,-0.5189225412048828,0.740086034612045,-2.6743756109613113
-0.4483137200586498,-2.315490921959281,1.150396806304343,1.333374182227999,0.4588423133827746,-0.1304936995729804,-0.6301885806606151,-4.370380401844159,-2.32902589533478,3.1185717442131136,2.848925587866688,0.8307478637434542,-0.6661904407665133,-0.6585863716900349,2.2345878025662387,-3.0936427237465978
1.592897929251194,-1.6033198777586222,1.400455042719841,-0.13114500045776367,-0.6584407389163971,1.6333632953464985,-0.2091266072820872,-5.025235909968615,-7.625958025455475,3.6146328449249268,5.05216509103775,2.1325399577617645,-2.1614461541175842,-1.0473574548959732,0.3020382660906762,-4.138158366084099
1.592897929251194,-1.6033198777586222,1.400455042719841,-0.13114500045776367,-0.6584407389163971,1.6333632953464985,-0.2091266072820872,-5.025235909968615,-7.625958025455475,3.6146328449249268,5.05216509103775,2.1325399577617645,-2.1614461541175842,-1.0473574548959732,0.3020382660906762,-4.138158366084099
0.29676277595213973,-0.6806424501208732,1.6284578989188259,0.6851294794334815,-0.12055664192526959,-0.34079642909077495,-0.8717490277038171,-3.8631412045886884,-3.5733959140399327,3.8739253574839005,3.2342344388150823,1.2018879339672053,-0.8845266997814178,-1.056623819678162,0.3131466352631553,-2.580038123979018
-0.8017756106524632,-0.30525043092924975,1.6072473587660954,0.8958307653665543,0.4853576688930906,0.6592844416355265,-0.22908144630491734,-3.9338334390315515,-2.8218048810958862,3.965614890230113,3.78192486193288,0.21237934406461387,-0.5569628568301941,-0.766679475019718,1.2979648616967787,-2.415806543210457
1.592897929251194,-1.6033198777586222,1.400455042719841,-0.13114500045776367,-0.6584407389163971,1.6333632953464985,-0.2091266072820872,-5.025235909968615,-7.625958025455475,3.6146328449249268,5.05216509103775,2.1325399577617645,-2.1614461541175842,-1.0473574548959732,0.3020382660906762,-4.138158366084099
1.592897929251194,-1.6033198777586222,1.400455042719841,-0.13114500045776367,-0.6584407389163971,1.6333632953464985,-0.2091266072820872,-5.025235909968615,-7.625958025455475,3.6146328449249268,5.05216509103775,2.1325399577617645,-2.1614461541175842,-1.0473574548959732,0.3020382660906762,-4.138158366084099
1.592897929251194,-1.6033198777586222,1.400455042719841,-0.13114500045776367,-0.6584407389163971,1.6333632953464985,-0.2091266072820872,-5.025235909968615,-7.625958025455475,3.6146328449249268,5.05216509103775,2.1325399577617645,-2.1614461541175842,-1.0473574548959732,0.3020382660906762,-4.138158366084099
1.592897929251194,-1.6033198777586222,1.400455042719841,-0.13114500045776367,-0.6584407389163971,1.6333632953464985,-0.2091266072820872,-5.025235909968615,-7.625958025455475,3.6146328449249268,5.05216509103775,2.1325399577617645,-2.1614461541175842,-1.0473574548959732,0.3020382660906762,-4.138158366084099
0.17670121292273203,-0.7895500847586879,1.6307366562110406,0.747954778097294,-0.44154421033130753,-0.1052649109451859,-0.6406500061491022,-3.783217900605113,-3.711710305263599,3.7960528852763,3.217383544926566,1.266822764718974,-0.999154226647483,-0.9801702876963342,0.23321475918163304,-2.729948158617373
-0.09797819000932406,0.14442624573437673,0.9211414968067745,0.9445827237839969,-0.5616165320828276,0.3530695027900192,-1.4930451979403787,-3.396827826803585,-2.2345075551069007,3.6454876391392834,4.068745891335157,1.316467895260397,-0.788113608675183,-1.361155481833332,1.4310517920321733,-2.4541554203573264
3.54420930147171,0.26488712430000305,2.6337976902723312,0.503350056707859,0.4819702208042145,1.180822141468525,1.792165218386799,-4.320442616939545,-5.782438218593597,3.8625414669513702,5.498769998550415,1.9706151634454727,-1.5591987669467926,-2.765815496444702,-1.5813696854747832,-0.5538655519485474
2.875610888004303,-0.5721524059772491,2.248641222715378,0.035525232553482056,0.4323294460773468,0.6072864606976509,-0.298018844332546,-4.320036828517914,-5.736718118190765,3.994728535413742,5.59763491153717,2.236063987016678,-0.26176556944847107,-2.295216202735901,-0.30285226041451097,-2.805462807416916
3.54420930147171,0.26488712430000305,2.6337976902723312,0.503350056707859,0.4819702208042145,1.180822141468525,1.792165218386799,-4.320442616939545,-5.782438218593597,3.8625414669513702,5.498769998550415,1.9706151634454727,-1.5591987669467926,-2.765815496444702,-1.5813696854747832,-0.5538655519485474
2.875610888004303,-0.5721524059772491,2.248641222715378,0.035525232553482056,0.4323294460773468,0.6072864606976509,-0.298018844332546,-4.320036828517914,-5.736718118190765,3.994728535413742,5.59763491153717,2.236063987016678,-0.26176556944847107,-2.295216202735901,-0.30285226041451097,-2.805462807416916
1.592897929251194,-1.6033198777586222,1.400455042719841,-0.13114500045776367,-0.6584407389163971,1.6333632953464985,-0.2091266072820872,-5.025235909968615,-7.625958025455475,3.6146328449249268,5.05216509103775,2.1325399577617645,-2.1614461541175842,-1.0473574548959732,0.3020382660906762,-4.138158366084099
0.08545899493940945,-0.9079501079074268,1.7650801831021392,1.0044795418607777,-0.35029305569056807,0.03728770387583766,-0.6163183890026191,-3.8865586604023803,-3.767348022296511,3.595240432640602,3.175111196838833,1.1899614770864617,-1.2561575400418248,-0.9159537307147322,0.5020224007071349,-2.9402034354620965
1.6829897273670544,-1.9512992081317035,1.497705416245894,0.025412876497615467,-0.4129698493263938,1.1909262849525972,-0.1263180710375309,-5.288964024998925,-7.621048667214134,3.759931586005471,4.816563925959847,2.004162322391163,-2.1816031607714566,-0.8599507917057384,0.2181562168354338,-4.320874246683988
1.9358158045344882,-2.681668837865194,1.4681284030278523,-0.2088887459701962,-0.14516519175635445,0.293508294555876,-0.9119948121822543,-5.919801155726115,-7.961400720808241,4.011248641543919,4.863131295061773,1.655318260192871,-2.2262208461761475,-0.36168179247114396,0.5613824383666118,-4.445301718182034
0.8731779569049472,-1.9230974444485818,1.9269877674991802,0.8672745795632454,-0.319056883569538,0.1085419003496465,-0.4894208634253015,-5.233811070163226,-5.158572882567484,3.731680195817013,4.476589813271595,0.5118320150704113,-1.439152537403417,-0.5615442950571359,0.36057226529786573,-3.439838555055795
2.8166462779045105,-2.5458655059337616,2.0056422352790833,0.9148192405700684,0.9755822122097015,-0.4444490596652031,0.1923979208804667,-6.209893822669983,-6.8287652134895325,3.730799362063408,5.789539277553558,2.0017466098070145,-2.4613867104053497,-2.0535781383514404,0.3780194870196283,-4.23123025894165
3.0789899706247854,-1.6885234032842247,1.037872699174014,-0.46248428455807944,0.2544197714464231,0.3127044398676265,-0.38049156675961887,-6.121052615683187,-6.367319095541131,4.187229174104604,5.982429893856699,2.679637989061038,-0.9525376416065476,-2.331303105774251,0.006538009863685478,-2.9718530503186313
2.0590575635433197,-2.1052973568439484,2.204093247652054,0.46250726468861103,0.47257938981056213,-1.7047574445605278,1.716244159732014,-5.546165287494659,-6.873850047588348,3.9109485745429993,5.716247498989105,2.427121341228485,-1.8504341542720795,-1.9733704328536987,0.483991218265146,-4.5075119733810425
2.381780207157135,-2.511954754590988,2.992710828781128,0.7527340948581696,0.7992923557758331,-1.0808303281664848,1.5059584961272776,-5.74182003736496,-7.0696117877960205,3.469636093825102,5.85377436876297,1.6721921563148499,-1.2529880702495575,-2.0090317130088806,0.20234904205426574,-4.544864654541016
1.323409297636577,-3.392558455467224,3.4993277064391544,1.3824054513658797,-0.46400125537599834,-0.2999513958181654,1.0431067765291249,-7.318497010639736,-6.656478575297764,1.8618690967559814,5.505551712853568,1.242841124534607,-1.2758433989116125,-3.0567567944526672,0.7214807514101267,-3.415583678654262
2.575277805328369,-1.7881841957569122,3.1580731868743896,1.4891636669635773,0.9112581312656403,-0.3195139095187187,0.7089415178634226,-5.657584071159363,-7.374264359474182,2.943531036376953,5.1372973918914795,2.1955758035182953,-2.080809384584427,-3.5522453784942627,0.7233704752288759,-5.196767687797546
1.6961104354033103,-2.2266193444912252,1.500107429921627,0.5591896351140279,-0.2661285257110229,-0.10445539653301239,-0.1419344747868868,-6.674016099709731,-6.749129763016334,2.8808364839507985,5.821974570934589,1.3118080566995418,-2.168509533772102,-0.982004158771955,0.18172946543647692,-2.947344869375229
1.5539150072468653,-2.5871659558680324,1.6222348478105333,0.24164145522647434,-0.5226716664102342,0.97449139588409,-0.02607210073620081,-5.50472834540738,-7.40138414171007,3.8831313716040716,4.482746713691288,1.6220689879523382,-2.3736922807163663,-0.5415100256601969,0.21249778247955772,-4.312644395563337
1.7730131844679515,-3.060315344068739,1.4081936611069574,0.2128807328020533,-0.22769313388400608,0.32689056131574845,-0.5644495479969515,-5.943048649364048,-7.5624560779995385,3.9926916224261126,4.490903399263819,1.2711866431766086,-2.615633017486996,-0.11431445015801324,0.2394231211187111,-4.429941336313884
1.6340250050028164,-2.722275738914808,2.462684171895186,0.9054868550350269,0.14334255953629813,-0.2980769028266271,0.26339278525362414,-7.196609179178874,-7.001480042934418,2.856518098463615,5.566891610622406,1.3094569162155192,-1.9998183250427246,-2.1031944702068963,0.5260206197078029,-3.5834451417128244
2.381780207157135,-2.511954754590988,2.992710828781128,0.7527340948581696,0.7992923557758331,-1.0808303281664848,1.5059584961272776,-5.74182003736496,-7.0696117877960205,3.469636093825102,5.85377436876297,1.6721921563148499,-1.2529880702495575,-2.0090317130088806,0.20234904205426574,-4.544864654541016
1.0789985408385594,-2.7753106322553425,1.9722263233529196,0.6843451327747769,0.7453749544090695,-1.2236609583099682,0.9701764781234993,-6.159149654209614,-5.9841486977206335,2.4603100824687214,4.980525376068221,1.7472212788545423,-1.8316717015372381,-0.9701946725447973,0.9310964065500431,-2.5098496514062085
2.0590575635433197,-2.1052973568439484,2.204093247652054,0.46250726468861103,0.47257938981056213,-1.7047574445605278,1.716244159732014,-5.546165287494659,-6.873850047588348,3.9109485745429993,5.716247498989105,2.427121341228485,-1.8504341542720795,-1.9733704328536987,0.483991218265146,-4.5075119733810425
2.381780207157135,-2.511954754590988,2.992710828781128,0.7527340948581696,0.7992923557758331,-1.0808303281664848,1.5059584961272776,-5.74182003736496,-7.0696117877960205,3.469636093825102,5.85377436876297,1.6721921563148499,-1.2529880702495575,-2.0090317130088806,0.20234904205426574,-4.544864654541016
-0.6298375606536866,-1.9617397487163544,2.6480822771787644,0.4702212969772518,2.011679446697235,1.7428691491484642,1.4798443788662552,-5.396784561872482,-6.8708086013793945,4.733914422988891,5.226201176643372,-1.057478165626526,-1.6396270003169775,1.0676636934280395,-0.22418362591415644,-3.4247744917869567
0.7954819229516116,-0.11203273047100414,2.1016402271660892,0.7676248496228998,0.7365402240644802,-0.11147078058936379,-0.9842772786928848,-3.1903918954459103,-3.9716080372983757,3.3563663959503174,3.536851784934036,1.4827522943643006,-0.5991267318075354,-0.9127883545377038,1.0559992835306646,-2.578788697719574
-0.5537506369926498,-0.601646968452944,1.747751855749195,0.8041403474401956,0.7616372828471796,0.24445633438684172,-0.526982023049209,-3.4183918770171156,-2.62108240676465,4.030508736432609,3.0304255464777223,0.2446521431165563,-0.57334441112849,-0.8349931618082995,1.1493617526089803,-2.328063876447031
0.5560598192261714,-0.006051765937431186,1.1800331926228953,0.550110508267786,0.24269672410160886,0.10402292495264727,-0.7486035097755638,-3.4793133852528593,-3.379184694851146,3.5108495933168076,3.6730206105858088,1.482059171825063,-0.5366065478792378,-1.2436069495537703,1.0298405640448134,-2.6132877030793358
-0.30350984083978755,0.27230377730570343,0.7641568674068702,0.8517614561868342,0.17572142693557238,0.32449199337708323,-0.8761995148992068,-3.165096119830483,-2.188177748730308,3.452652037927979,2.8212382071406434,1.1247818883704512,-0.7022978192881534,-1.1852346344998008,1.2502315930384946,-2.310874564082999
0.5781939068082266,-2.5249980775775707,2.633260382491266,0.7875469067111248,1.19482304210343,0.6595234783684335,0.39956476367873756,-4.92424734463779,-4.893320161394957,3.9022167544902824,4.538418861798851,0.34966268054232363,-1.1021841320595362,-1.3147551005297318,0.453858340119307,-2.9616785478074013
2.381780207157135,-2.511954754590988,2.992710828781128,0.7527340948581696,0.7992923557758331,-1.0808303281664848,1.5059584961272776,-5.74182003736496,-7.0696117877960205,3.469636093825102,5.85377436876297,1.6721921563148499,-1.2529880702495575,-2.0090317130088806,0.20234904205426574,-4.544864654541016
1.323409297636577,-3.392558455467224,3.4993277064391544,1.3824054513658797,-0.46400125537599834,-0.2999513958181654,1.0431067765291249,-7.318497010639736,-6.656478575297764,1.8618690967559814,5.505551712853568,1.242841124534607,-1.2758433989116125,-3.0567567944526672,0.7214807514101267,-3.415583678654262
3.2169169783592224,-0.5681606829166412,2.0885215401649475,0.2355157434940338,1.7058947384357452,0.3379109501838684,0.40335804084315896,-4.866001740098,-7.474690675735474,2.8103272318840027,6.049030423164368,3.0469247102737427,-0.43601328134536743,-1.3339547887444496,0.8652126914821565,-3.806889235973358
2.9530209425998772,-0.4326135373633841,2.5648974787302152,-0.7862392579731734,1.8623217849627784,1.801185942862345,-0.3416011837999458,-3.27054305245047,-6.602871752465549,4.087715558383776,5.603367954654538,1.0619943330631307,-0.18802730253209238,-1.5590228015637917,-0.7159842653604953,-1.5840903361854346
2.7952653964360556,-0.18506483236948648,2.066842272877693,-0.788275420665741,1.3083294580380123,0.04815895048280557,-1.8749677349502842,-5.396235595146815,-8.555899143218994,3.61407071352005,6.3091966311136884,1.9725816647211711,-1.138274575273196,-1.6876489073038101,0.7701078538472453,-3.5147555420796075
1.8762478828430176,-2.1965808272361755,3.7835806778499057,0.54429749080113,0.10173382077898298,-0.3401718671832766,-0.09612963109144143,-6.728634221213205,-6.854975598199027,0.6970374924795968,6.487893717629569,0.9115668364933559,0.6459195273263114,-3.310812362602779,0.3494401645979711,-2.2089197720800127
1.0670791467030842,-2.9535090128580728,4.233864784240723,1.1418232222398121,-0.4192793170611064,-0.21508597830931345,0.35538658903290826,-6.056088805198669,-6.073591550191243,0.21130653222401938,6.1847662925720215,0.5819218158721924,-0.33959531784057617,-4.690693249305089,0.38028229121118784,-2.2053525944550834
2.6431966423988342,-0.827905997633934,2.4114546179771423,-1.1288322657346725,0.8545282632112503,-0.38554881140589714,-2.0983498997520655,-5.579185910522938,-8.246246039867401,4.010246574878693,6.417063444852829,2.2822426855564117,-0.7819372266530991,-2.3565505743026733,1.250435299007222,-3.587422750890255
3.0648092043166066,-0.9208907926929932,2.495999693578365,-0.2505616875840168,1.582331034080947,0.9163732578357061,-0.5826272045572599,-4.418871204350509,-6.375302260120709,4.433570717625758,5.567948460834575,1.7183869825390752,-0.5178998276299122,-2.1909424498969434,-0.0902835753764592,-2.735986575192096
2.7952653964360556,-0.18506483236948648,2.066842272877693,-0.788275420665741,1.3083294580380123,0.04815895048280557,-1.8749677349502842,-5.396235595146815,-8.555899143218994,3.61407071352005,6.3091966311136884,1.9725816647211711,-1.138274575273196,-1.6876489073038101,0.7701078538472453,-3.5147555420796075
0.147529342344829,-0.5447662736688341,1.8346883702890149,0.8615893537444728,0.1979094668158463,-0.010316703149250575,-0.7522876513057521,-2.5902764003191674,-2.3398185461759566,3.2623846422348706,2.385771799140743,0.7932488488299506,-0.1411946408982788,-0.511856390110084,0.6942300987562963,-1.961111717564719
1.0795193934440612,-0.6575696864724159,1.7315916472673416,0.6609895825386047,0.5209767240285873,0.41716082096099855,-0.5548042363673449,-3.7815069818496703,-3.550726361274719,3.816630187034607,3.490973696894944,1.3446924179792403,-0.5288112076371908,-1.188158801794052,0.7887783472426235,-2.404061207771301
2.7952653964360556,-0.18506483236948648,2.066842272877693,-0.788275420665741,1.3083294580380123,0.04815895048280557,-1.8749677349502842,-5.396235595146815,-8.555899143218994,3.61407071352005,6.3091966311136884,1.9725816647211711,-1.138274575273196,-1.6876489073038101,0.7701078538472453,-3.5147555420796075
1.3466064721684565,-2.0622524205933916,1.8401373560455712,0.5636610050093044,-0.26784643734043295,1.1860472546382383,-0.28947617376053875,-4.690483211116358,-6.146699382500215,3.3860697861422193,4.5895560603927485,1.2572738724676045,-1.7699816480956294,-0.46938007189468905,0.04082029287449338,-3.4992697794329035
2.738824963569641,-1.5064027508099873,0.9846022551258405,0.11264009277025859,0.6126621390382448,1.6818711484471958,-0.38283564740171033,-6.522636791070302,-5.7591403524080915,4.149749760826428,5.853120267391205,2.214049498240153,-1.4816707968711853,-2.2418386613329253,0.6157506291444103,-2.6022865772247314
1.9783523891653334,-0.9706739357539585,1.951434735740934,-0.30883096238332136,1.1297358247850622,-0.16756170402680123,-0.04409659853471177,-5.318411303418023,-6.247216729181154,4.021469259634614,5.344790668875378,2.168543823595558,-0.4212936460971832,-1.3512318315250533,-0.21022954676300287,-2.793739995786122
0.5826806832443584,-1.3721478960730813,2.259478731588884,-0.12158400362188165,1.3865515481341968,0.8742129003459757,0.8745385213670406,-5.091932881962169,-7.210372068665245,2.981657862663269,4.9662694958123295,-0.13029325008392334,-0.9893317625603892,1.354377573186701,-0.040980112315578895,-1.7406402284448796
1.9251066512531705,0.5971900953186883,1.1106123129526775,-0.43603744109471637,0.6911130746205648,1.8800586362679799,-0.8633472979482677,-4.434082994858424,-5.681496375136906,3.9872315724690757,6.414689456423123,2.2068442040019565,-0.0036745270093282065,-2.131606148348914,1.20554490118391,-3.3124264677365622
1.2686756514012814,-0.9155388107666602,3.103561983658717,-0.5436162215012771,3.074170543597295,1.268489373418001,0.3991294617836292,-5.336448632753813,-7.105622282394996,5.126787286538344,5.260435895277904,0.6884916175443393,-0.5076636692079214,-1.5171952614417443,0.6912709322686379,-2.828566367809589
1.9524012774955937,-0.8873145347688256,1.642568844120677,0.3949296060131817,0.7136159648255604,0.9691589983498178,-0.3779929402034457,-5.041168670101864,-4.844298540092096,4.041881540926491,4.659070167349788,1.7906906217700098,-0.8239774892969829,-1.7523752596320175,0.7755108757012683,-2.6857698835977692
-0.13457981582547798,-1.2448562217540429,2.5700587818368534,0.48959640572305585,1.8012997412779292,0.9218227184209667,0.48863420934706436,-3.526993050438459,-3.5267628939425357,4.513420562275121,3.4725439686816735,-0.07687135004117841,0.02033392663617603,-0.6743269181642376,0.6735295057449429,-2.403970456514202
0.9635057270526886,-1.5446490824222565,1.6526331608494123,0.7508678457389275,0.3026643067598343,0.8122611304124197,-0.29748676338543495,-3.9226452986399334,-3.9031445026397704,3.6602445602416993,3.4970407273930806,0.9239883907139301,-0.6244828045368195,-0.5145733167727788,0.2744799345886956,-2.7715268274148306
0.44312046273894934,-0.36373355725537176,1.7683697384984598,0.05195708912999734,1.9669519711447798,1.2100601873320083,-0.08426810655256976,-4.214599422786547,-4.815177702385446,4.399405816974848,4.291505878163583,0.5449419479979121,-0.36071369351576205,-0.8784852047329363,0.983679252281866,-2.9036667528359787
1.8452759583791096,0.35414866109689075,-0.5142804471155008,-0.46688872886200744,1.078495175888141,2.111373278001944,-0.22607647674158216,-5.313267548878987,-5.679471969604492,3.889949950079123,6.192694107691447,3.1326787372430167,-1.6570285856723785,-2.6643714159727097,1.956078324932605,-3.237756609916687
1.592897929251194,-1.6033198777586222,1.400455042719841,-0.13114500045776367,-0.6584407389163971,1.6333632953464985,-0.2091266072820872,-5.025235909968615,-7.625958025455475,3.6146328449249268,5.05216509103775,2.1325399577617645,-2.1614461541175842,-1.0473574548959732,0.3020382660906762,-4.138158366084099
2.738824963569641,-1.5064027508099873,0.9846022551258405,0.11264009277025859,0.6126621390382448,1.6818711484471958,-0.38283564740171033,-6.522636791070302,-5.7591403524080915,4.149749760826428,5.853120267391205,2.214049498240153,-1.4816707968711853,-2.2418386613329253,0.6157506291444103,-2.6022865772247314
1.8105574494058436,-1.8921678879044272,3.2550540268421173,0.4968197758902203,0.6059901389208707,-0.24859147586605765,0.07492091879248619,-6.1495280130343,-6.504924262111837,1.684468916871331,5.993494738232005,1.3301839178258723,0.07084854218092831,-2.5421879426999525,0.44483384591611946,-2.4771911068396135
1.0670791467030842,-2.9535090128580728,4.233864784240723,1.1418232222398121,-0.4192793170611064,-0.21508597830931345,0.35538658903290826,-6.056088805198669,-6.073591550191243,0.21130653222401938,6.1847662925720215,0.5819218158721924,-0.33959531784057617,-4.690693249305089,0.38028229121118784,-2.2053525944550834
3.6059811413288116,-2.22024817019701,0.07044197805225849,-1.8020491488277912,-0.9735589679330587,-1.4387603756040335,-0.9408080105204135,-5.652627728879452,-6.668722748756409,4.359174720942974,6.412020266056061,3.229423761367798,-0.6610791310667992,-2.6301114559173584,-0.9477651680354029,-2.6437968313694
4.412723745618548,-0.410399181502206,1.469312657202993,-0.9675888887473515,0.03234608045646122,1.1439693165676934,-0.153359642252326,-5.452432698437145,-6.800953388214111,3.943863235414028,7.045636381421771,3.1912921326501027,-0.02104273225579943,-4.525338785988944,-0.9731102173349687,-2.2424733468464444
4.359194823673794,-0.8461902652468,1.4004114546946116,-0.7112700641155243,0.2010718775647027,0.9302215512309756,-0.5560388131333249,-5.234474333269255,-6.261949607304165,3.7793451260243143,5.8814122676849365,3.343684332711356,0.3443338189806257,-4.357509817395892,-0.9864825023604291,-2.6152549130576
2.7262600575174605,-1.2066030502319336,1.2601448489086968,0.0081159131867545,0.6329062687499183,2.0282380282878876,0.09009973837860993,-6.432958709342139,-6.97310767854963,4.388342005865915,5.808528218950544,2.6696736131395613,-1.997841579573495,-2.9161293506622314,0.39077518534447464,-3.4560865504401073
2.9968493282794952,-1.2338988929986954,1.2135461289435625,-0.19893338531255722,0.906535217538476,1.2012727446854115,0.22164896572940052,-6.066012144088745,-6.374398782849312,4.461268439888954,5.878686431795359,2.735304743051529,-1.088935449719429,-2.6642214357852936,0.0642261269968003,-3.1844022423028946
3.1291259697505405,-1.306060257766928,0.8500983395746776,-0.6677472080503192,0.7701547763177327,1.5956040556941713,-0.10637698136270046,-6.34754552585738,-6.572885649544852,4.745085171290806,6.086322784423828,2.659030318260193,-1.0397158179964339,-2.6916472230638777,0.01934959925711155,-3.0725055251802718
2.42507942210262,-1.2783237169186275,1.6193467736244203,0.06969327727953593,1.1445221801598866,0.6563324749469757,-0.3919229403138161,-5.6863717873891195,-6.139245422184468,3.8156825244426726,5.416898226737976,1.9638375262419383,-1.109072973827521,-1.7416632384061814,0.39554621738692125,-2.9683017412821453
1.592897929251194,-1.6033198777586222,1.400455042719841,-0.13114500045776367,-0.6584407389163971,1.6333632953464985,-0.2091266072820872,-5.025235909968615,-7.625958025455475,3.6146328449249268,5.05216509103775,2.1325399577617645,-2.1614461541175842,-1.0473574548959732,0.3020382660906762,-4.138158366084099
2.738824963569641,-1.5064027508099873,0.9846022551258405,0.11264009277025859,0.6126621390382448,1.6818711484471958,-0.38283564740171033,-6.522636791070302,-5.7591403524080915,4.149749760826428,5.853120267391205,2.214049498240153,-1.4816707968711853,-2.2418386613329253,0.6157506291444103,-2.6022865772247314
1.5401571769840443,-1.1723450379302869,2.5395007826961002,-0.10662959573360589,1.9644425068623745,0.46532177753173387,0.3455895262125593,-5.264585243967863,-6.555433742343807,4.268726219638036,5.029507323239859,1.4838480800390244,-0.5570266531923642,-1.272695679933979,0.1346725390937466,-3.067721666051791
0.5826806832443584,-1.3721478960730813,2.259478731588884,-0.12158400362188165,1.3865515481341968,0.8742129003459757,0.8745385213670406,-5.091932881962169,-7.210372068665245,2.981657862663269,4.9662694958123295,-0.13029325008392334,-0.9893317625603892,1.354377573186701,-0.040980112315578895,-1.7406402284448796
1.8762478828430176,-2.1965808272361755,3.7835806778499057,0.54429749080113,0.10173382077898298,-0.3401718671832766,-0.09612963109144143,-6.728634221213205,-6.854975598199027,0.6970374924795968,6.487893717629569,0.9115668364933559,0.6459195273263114,-3.310812362602779,0.3494401645979711,-2.2089197720800127
1.4126843869686128,-2.192464292049408,3.6675493240356447,0.6817645221948624,0.26761404871940614,-0.19572805613279343,0.24108048975467683,-5.720472383499145,-5.956417819857597,1.7384113777428865,5.763609039783478,1.0611198544502258,-0.13936506509780883,-3.5653946101665497,0.16634124629199504,-2.330911260843277
1.2686756514012814,-0.9155388107666602,3.103561983658717,-0.5436162215012771,3.074170543597295,1.268489373418001,0.3991294617836292,-5.336448632753813,-7.105622282394996,5.126787286538344,5.260435895277904,0.6884916175443393,-0.5076636692079214,-1.5171952614417443,0.6912709322686379,-2.828566367809589
0.9276171493225954,-0.010864248263164305,2.06959514082475,0.27376918536676487,0.07562335869166213,0.049462261412974814,-1.3982906190507953,-2.593415945925763,-2.6157984202596505,4.688822977061213,3.6146558413026253,-0.06519449820978121,-0.03552320678259285,-1.6930864097576745,0.7330294259918959,-2.294213076817318
1.1961853278443118,0.1202912705623551,2.0039279254659124,0.0596589245740941,0.16411281727402416,0.22787485927935466,-1.5498857148090341,-2.2909369984802033,-2.492146723712517,5.048090966973478,3.636637626024617,-0.2100074945992192,0.1477309326265032,-1.9206187600726323,0.6897210641949135,-2.2194406146442653
1.2494326792887331,-0.06629447377988218,2.0662540545641086,0.14035181140090214,0.2348184461567413,0.056238519803212705,-1.6138787212908083,-2.6722406280445465,-2.9408815646728064,4.676777055096111,3.8256989079757515,0.06433235439989302,-0.06785269290852694,-1.9119524270480062,0.5845473980916273,-2.244665480322308
1.8950229400190814,-0.20488870554956898,1.9946568428442395,0.013971032767460263,0.2159636601291854,0.45608385498153753,-1.4415667336434126,-3.0079040409162126,-3.613027551050844,4.69145554227048,4.2149651881371595,0.6085319141375607,-0.21162155045774475,-2.310383237689605,0.29513004828437134,-2.3138741082672416
1.0051403166726232,-0.14264227356761694,2.099267973564565,0.3186934250406921,0.05253577674739063,0.013353610294871032,-1.1708930840832181,-2.696329483529553,-2.826729995198548,4.377757008769549,3.3814227650727844,0.45560093270614743,0.0739981927908957,-1.7395771909505129,0.6075486233385163,-2.2567437279503793
0.47482137472733205,0.003450704398362533,1.932445951324442,0.4210964951826178,-0.24627145007252693,-0.3152933894292168,-1.5544666137546301,-2.6393664121627807,-2.243897388033245,4.395386526895606,3.2404112498235444,-0.08998952093331711,-0.0951775074005127,-1.542421370420767,0.7176463288376512,-2.2195477896410485
1.1090676990705868,0.03204978436462639,2.0217869610402937,0.06689905681351359,0.10106377634255923,0.2532960681602099,-1.7695786213834388,-2.2888581360033315,-2.6782533865739673,4.47972279763961,3.594239347708202,-0.20223749145980954,0.13329436370106632,-1.8008639930942378,0.3350281159848321,-1.9198715233987615
2.323584705591202,0.30192434787750244,2.022193322579066,-0.7575527479251226,1.5472151637077332,2.1509775668382645,0.13314723875373602,-3.2729393541812897,-7.375255208462477,3.0395461320877075,5.893792649110158,1.9710268788039684,-0.26855504512786865,-0.8148744304974874,-0.4669858381773035,-1.8814680185168982
2.752581755320231,-0.30221279462178546,1.8674086729685466,-0.9099925955136617,1.3218728005886078,-0.004297476261854172,-1.3818917681152623,-5.278456489245097,-8.516067663828531,3.841040015220642,6.310609896977742,2.3485737641652427,-1.0879126489162445,-1.4107920626799266,0.8103415851170818,-3.6830408771832785
2.6431966423988342,-0.827905997633934,2.4114546179771423,-1.1288322657346725,0.8545282632112503,-0.38554881140589714,-2.0983498997520655,-5.579185910522938,-8.246246039867401,4.010246574878693,6.417063444852829,2.2822426855564117,-0.7819372266530991,-2.3565505743026733,1.250435299007222,-3.587422750890255
4.412723745618548,-0.410399181502206,1.469312657202993,-0.9675888887473515,0.03234608045646122,1.1439693165676934,-0.153359642252326,-5.452432698437145,-6.800953388214111,3.943863235414028,7.045636381421771,3.1912921326501027,-0.02104273225579943,-4.525338785988944,-0.9731102173349687,-2.2424733468464444
1.0027267305474532,0.06194836214969033,1.768882328742429,0.23963299315226705,-0.6531101222101011,0.13629460922981562,-1.3742157324266278,-2.881627405160352,-2.3000701728620028,4.448629318491409,3.43039271965819,0.3355965002586967,0.14070717833544077,-2.2533082099337327,0.6683393363644811,-1.997379840988862
4.180719545909336,-1.0681467056274414,1.5687395866428102,-0.461586947951998,0.1355273233992713,1.6008092377867018,-0.9933807219245604,-5.040958657860756,-6.1495292867933005,3.883035281939166,5.754283905029297,3.138363003730774,0.013386164392743791,-3.8542540413992747,-0.4554660759334053,-2.676241431917463
4.312979016985212,-0.8461126089096069,1.1688702638660158,-0.7350619903632573,0.17724081661020005,1.2980811787503106,-0.4379214806748288,-4.962582637156759,-5.937031303133283,4.352925859391689,5.866320201328823,2.9897542553288594,0.23511666910988943,-4.1156880514962335,-0.9461378553616149,-2.756830008966582
3.4785915102277483,0.24888929298945836,2.618485825402396,-1.1133271626063757,0.9153275660106114,2.8530010879039764,0.47792515504573074,-2.6855592897960117,-8.52886778967721,2.2056892939976285,6.597867012023926,1.7207816690206528,0.26041405541556223,-0.06504021372113909,-1.7534598295709916,-0.4623223064201219
-0.4195704642780028,-1.0630423121831634,1.9480284044470686,0.6968900770336003,1.2210888858255629,0.4771432261777945,-0.047772312440074884,-4.225681068061234,-4.096410856231467,4.366754525570901,3.3244470393938292,0.06752683851238969,-0.6161497466556438,-0.177894717300093,0.9030499476576587,-3.1027166498945906
1.901852191487948,-2.1950173099835713,1.7452719291051229,-0.6335439801216125,-1.098453664779663,0.6703227172295253,-2.0236885894089935,-6.004404334227244,-6.616227539380391,3.197075981895129,3.240906631946564,-0.6712978720664978,0.922368460893631,1.675648417075475,-2.3939857052018243,-0.6771085421244304
